Time,Pos 1,Pos 2,Pos 3,Pos 4,Pos 5,Pos 6,Pos 7,Pos 8,Pos 9,Pos 10,Pos 11,Pos 12,Pos 13,Pos 14,Pos 15,Pos 16,Ave. Thickness, Std., Max., Min., OD, ID, Roundness,
2018/3/6 09:37,2.822,2.948,3.047,3.022,3.022,3.132,2.924,2.902,3.016,2.83,3.092,3.041,2.981,2.968,2.94,3.129,2.989,0.09,3.132,2.822,22.08,16.136,0.513, 
2018/3/6 09:37, NA, NA, NA, NA, NA, NA, NA, NA, NA, NA,1.755, NA, NA, NA, NA,1.489,1.622,0.133,1.755,1.489,20.299,16.688,0.695, 
2018/3/6 09:37,19.116, NA,16.965,10.753, NA, NA,10.957,20.051, NA,16.148,13.35,3.109, NA,12.481,15.944,14.201,13.916,4.483,20.051,3.109,21.305,14.404,0.601, 
2018/3/6 09:38,16.207,16.457,18.759,16.552, NA,10.425,16.434,16.953, NA,18.996,10.696,18.603,17.209,17.25,21.255,11.991,16.271,3.046,21.255,10.425,23.108,16.719,0.603, 
2018/3/6 09:47, NA, NA, NA, NA, NA, NA, NA, NA,6.046,4.649,7.418, NA, NA, NA,5.614,7.194,6.184,1.024,7.418,4.649,21.299,15.047,0.473, 
2018/3/6 09:47,18.743, NA,15.939,10.028,9.254, NA,11.969,18.704, NA,15.542,13.71, NA, NA,12.84,15.067,14.586,14.217,2.948,18.743,9.254,21.172,14.904,0.709, 
2018/3/6 09:47, NA, NA, NA, NA, NA, NA, NA, NA, NA, NA, NA, NA, NA, NA, NA, NA, ?žæ•¸?? Std.,0,1000,20.36,16.27,0.705,,
2018/3/6 09:47,19.542, NA,15.81,9.948,9.451, NA,11.906,18.895, NA,16.346,13.684, NA, NA,12.728,15.752,14.635,14.427,3.135,19.542,9.451,21.315,15.093,0.648, 
2018/3/6 09:48, NA, NA, NA, NA, NA, NA, NA, NA, NA, NA,1.202, NA, NA,1.244, NA,1.222,1.223,0.017,1.244,1.202,20.38,16.27,0.672, 
2018/3/6 09:48, NA,17.325, NA,15.613,13.656,12.233,16.749, NA, NA, NA,15.209,5.264,6.911,13.702, NA,15.739,13.24,3.871,17.325,5.264,21.36,17.624,0.708, 
2018/3/6 09:48, NA,2.207, NA, NA, NA, NA,2.207, NA,6.293,5.324,8.016, NA, NA, NA, NA,7.196,5.207,2.275,8.016,2.207,21.055,14.767,0.505, 
2018/3/6 09:48,3.122,2.956,3.017,2.812,2.901,2.958,2.862,3.005,2.98,3.162,2.992,3.023,2.966,3.057,3.082,2.981,2.992,0.087,3.162,2.812,21.993,16.024,0.438, 
2018/3/6 09:49, NA, NA, NA, NA, NA, NA, NA, NA, NA, NA, NA, NA, NA,1.234, NA, NA,1.234,0,1.234,1.234,20.356,16.269,0.662, 
2018/3/6 09:49,3.049,2.8,3.007,2.805,2.991,3.055,2.744,3.04,2.944,2.985,2.941,3.084,3.074,3.006,3.029,3.028,2.974,0.1,3.084,2.744,22.037,16.111,0.483, 
2018/3/6 09:55,4.551,14.386, NA,14.084,13.156,11.182,14.577,4.532,13.677,4.542,10.486,4.746,4.737,4.634, NA,11.987,9.377,4.259,14.577,4.532,22.963,14.797,0.665, 
2018/3/6 09:58,2.842,2.883,2.885,2.931,2.952,2.961,2.884,2.849,2.779,2.861,2.73,2.889,2.731,2.725,2.953,2.736,2.849,0.082,2.961,2.725,21.937,16.248,0.294, 
2018/3/6 09:58, NA,5.215, NA,3.36, NA, NA,4.314, NA,6.175, NA, NA,2.395, NA, NA,2.402, NA,3.977,1.405,6.175,2.395,22.844,16.366,0.462, 
2018/3/6 09:59, NA, NA, NA, NA, NA, NA, NA, NA, NA, NA,1.13, NA, NA,1.124, NA, NA,1.127,0.003,1.13,1.124,20.303,16.266,0.651, 
2018/3/6 09:59,2.963,2.805,3.051,2.965,3.018,3.004,2.832,3.046,2.854,2.963,2.993,3.025,3.007,3.032,2.986,2.915,2.966,0.074,3.051,2.805,22.035,16.105,0.399, 
2018/3/6 09:59,20.865, NA,17.832,10.403,8.985, NA,11.638,19.738, NA,16.422,13.215, NA,10.331,12.281,16.053,14.094,14.321,3.7,20.865,8.985,21.986,14.548,0.738, 
2018/3/6 09:59,2.889,2.824,2.846,2.775,2.836,2.781,2.735,2.848,2.833,2.832,2.788,2.772,2.78,2.632,2.841,2.852,2.804,0.059,2.889,2.632,21.904,16.191,0.513, 
2018/3/6 09:59, NA, NA, NA, NA, NA, NA, NA, NA, NA, NA, NA, NA, NA,1.203, NA, NA,1.203,0,1.203,1.203,20.377,16.265,0.654, 
2018/3/6 09:59, NA,17.139, NA,15.564,13.732,12.204,16.66, NA, NA, NA,15.152,5.37,5.24,13.661, NA,15.713,13.044,4.112,17.139,5.24,22.055,17.567,0.416, 
2018/3/6 10:00, NA, NA, NA, NA, NA, NA, NA, NA, NA,5.071,7.828, NA,7.978,8.208,5.279,7.507,6.978,1.294,8.208,5.071,22.195,14.692,0.525, 
2018/3/6 10:00, NA, NA, NA, NA, NA, NA,1.606, NA, NA, NA, NA, NA, NA, NA, NA, NA,1.606,0,1.606,1.606,20.258,16.308,0.677, 
2018/3/6 10:00, NA,16.56, NA,14.972,12.084,12.086,15.783, NA, NA, NA,14.258,5.644,7.424, NA, NA,15.028,12.649,3.587,16.56,5.644,21.883,16.702,0.549, 
2018/3/6 10:00,19.448, NA,16.201,9.888,9.12, NA,12.115,19.295, NA,15.82,13.968, NA,11.407,13.069,15.419,14.802,14.213,3.16,19.448,9.12,21.329,15.15,0.696, 
2018/3/6 10:01, NA, NA, NA, NA, NA, NA, NA, NA,6.048,5.484,7.787, NA, NA,8.679,5.472,7.371,6.807,1.217,8.679,5.472,21.394,14.689,0.484, 
2018/3/6 10:01, NA, NA, NA, NA, NA, NA, NA, NA, NA, NA, NA, NA, NA,1.244, NA,1.164,1.204,0.04,1.244,1.164,20.331,16.234,0.656, 
2018/3/6 10:01, NA,16.835, NA,15.286,13.37,11.908,16.396, NA, NA, NA,14.244,5.848,5.7,12.966, NA,15.027,12.758,3.772,16.835,5.7,22.469,17.243,0.696, 
2018/3/6 10:01,19.36, NA,15.518,9.876,9.396, NA,11.871,18.745, NA,15.96,14.009, NA, NA,13.055,15.466,14.828,14.371,3.05,19.36,9.396,21.214,15.177,0.654, 
2018/3/6 10:01,2.948,2.905,3.455,2.996,3.323,3.471,2.903,3.287,2.826,2.869,2.885,3.017,2.912,2.925,2.941,2.811,3.029,0.215,3.471,2.811,21.872,15.986,0.469, 
2018/3/6 10:02,5.185,14.535,7.247,14.342,13.278,11.012,14.729,5.381,13.658,4.899,10.386,5.509,5.686,6.415,4.899,12.352,9.345,3.885,14.729,4.899,21.566,16.015,0.656, 
2018/3/6 10:02,2.876,2.762,2.872,2.735,2.753,2.839,2.729,2.89,2.82,2.886,2.779,2.614,2.672,2.803,2.769,2.824,2.789,0.076,2.89,2.614,21.864,16.199,0.516, 
2018/3/6 10:02,3.065,2.885,3.012,2.832,2.938,3.036,2.82,3.013,3.054,3.029,3.01,2.966,2.962,3.078,2.976,3.04,2.982,0.076,3.078,2.82,22.082,16.142,0.422, 
2018/3/6 10:02, NA, NA, NA, NA, NA, NA, NA, NA,6.167,4.855,7.839, NA, NA,8.528,5.728,7.465,6.764,1.28,8.528,4.855,22.11,15.376,0.52, 
2018/3/6 10:02, NA, NA, NA, NA, NA, NA, NA, NA, NA,3.588,8.437, NA, NA,8.689, NA,8.067,7.195,2.094,8.689,3.588,23.41,14.857,0.513, 
2018/3/6 10:02, NA,15.962, NA,14.874,13.13,11.617,15.669, NA,15.901, NA,13.061,5.148,5.068, NA, NA,13.414,12.384,3.882,15.962,5.068,22.419,16.084,0.599, 
2018/3/6 10:03, NA,15.809, NA,14.966,12.474,11.504,15.34, NA,14.537, NA,13.786,5.079,4.981, NA, NA,14.222,12.27,3.82,15.809,4.981,21.324,15.811,0.618, 
2018/3/6 10:03, NA,16.629, NA,15.164,13.329,11.828,16.181, NA, NA, NA,13.857,5.5,5.333,12.636, NA,14.689,12.515,3.819,16.629,5.333,23.017,17.219,0.5, 
2018/3/6 10:03, NA, NA, NA, NA, NA, NA, NA, NA, NA, NA,1.165, NA, NA,1.133, NA, NA,1.149,0.016,1.165,1.133,20.381,16.272,0.646, 
2018/3/6 10:32,2.988,2.865,2.824,2.745,2.785,2.797,2.764,2.889,2.962,2.918,2.928,2.875,2.963,2.941,2.86,3.064,2.886,0.086,3.064,2.745,22.136,16.353,0.444, 
2018/3/6 10:56, NA,17.515, NA,15.865,13.72,12.229,17.075, NA, NA, NA,14.867,5.607,5.455,13.577, NA,15.479,13.139,4.095,17.515,5.455,22.686,17.667,0.638, 
2018/3/6 10:56,2.921,2.757,2.933,2.921,2.865,2.882,2.818,2.949,2.773,2.905,2.714,2.849,2.803,2.737,2.906,2.745,2.842,0.076,2.949,2.714,21.892,16.211,0.191, 
2018/3/6 10:56, NA,17.317,0.994,15.558,13.631,12.135,16.699,0.97, NA,1.204,15.706,4.916, NA, NA,1.285,16.101,9.71,6.817,17.317,0.97,20.622,17.65,0.656, 
2018/3/6 10:56, NA,17.016, NA,15.451,13.528,11.939,16.53, NA, NA, NA,14.879,5.71,5.653,13.522, NA,15.372,12.96,3.905,17.016,5.653,22.878,17.327,0.654, 
2018/3/6 10:56, NA,17.253, NA,15.522,13.569,12,16.703, NA, NA, NA,15.314,5.374, NA,14.008, NA,15.823,13.952,3.396,17.253,5.374,20.461,17.618,0.563, 
2018/3/6 11:10,2.756,2.562,2.785,2.648,2.717,2.806,2.615,2.748,2.588,2.707,2.719,2.774,2.744,2.77,2.679,2.635,2.703,0.072,2.806,2.562,20.387,14.827,0.322, 
2018/3/6 11:10, NA, NA, NA, NA, NA, NA, NA, NA, NA, NA, NA, NA, NA, NA, NA, NA, ?žæ•¸?? Std.,0,1000,20.992,16.983,0.694,,
2018/3/6 11:10, NA, NA, NA, NA, NA, NA, NA, NA,14.019, NA,14.769, NA, NA, NA, NA,14.426,14.405,0.306,14.769,14.019,22.272,14.719,0.628, 
2018/3/6 11:10,2.784,2.731,2.898,2.74,2.736,2.856,2.723,2.883,2.754,2.693,2.868,2.688,2.792,2.833,2.595,2.85,2.776,0.081,2.898,2.595,21.864,16.219,0.476, 
2018/3/6 11:11, NA, NA, NA, NA, NA, NA,1.295, NA, NA, NA, NA, NA, NA, NA, NA, NA,1.295,0,1.295,1.295,20.241,16.772,0.716, 
2018/3/6 11:11, NA,16.273, NA,15.314,13.568,11.951,16.05, NA,16.293, NA,13.549,5.403,5.414, NA, NA,13.842,12.766,3.916,16.293,5.403,22.127,16.609,0.648, 
2018/3/6 11:11, NA,15.561, NA, NA, NA, NA, NA, NA,15.744, NA, NA, NA, NA, NA, NA, NA,15.652,0.091,15.744,15.561,22.466,15.946,0.677, 
2018/3/6 11:11, NA,17.327, NA,15.507,13.534,12.21,16.718, NA, NA, NA,15.291,5.81,6.421, NA, NA,15.379,13.133,4.02,17.327,5.81,21.802,17.592,0.682, 
2018/3/6 11:11, NA, NA, NA, NA, NA, NA, NA, NA, NA,3.956,6.752, NA, NA,7.098,4.156,6.53,5.698,1.355,7.098,3.956,21.121,14.878,0.43, 
2018/3/6 11:12, NA,16.083, NA,14.876,13.141,11.463,15.791, NA,16.088, NA,13.254,5.455,5.4, NA, NA,13.509,12.506,3.812,16.088,5.4,22.174,16.086,0.612, 
2018/3/6 11:12, NA,14.087, NA,14.153, NA, NA,14.126, NA, NA, NA, NA, NA, NA, NA, NA, NA,14.122,0.027,14.153,14.087,22.482,14.402,0.699, 
2018/3/6 11:12, NA,15.023, NA,13.861,11.477,11.415,14.41, NA,13.582, NA,12.731,4.756,4.665, NA, NA,13.124,11.504,3.566,15.023,4.665,21.982,14.853,0.711, 
2018/3/6 11:12, NA, NA, NA, NA, NA, NA,1.097, NA, NA, NA, NA, NA, NA, NA, NA, NA,1.097,0,1.097,1.097,20.339,16.69,0.664, 
2018/3/6 11:12, NA,15.948, NA,14.948,13.253,11.576,15.701, NA,15.973, NA,13.171,5.217,5.089, NA, NA,13.463,12.434,3.885,15.973,5.089,22.485,16.077,0.605, 
2018/3/6 11:13, NA, NA, NA, NA, NA, NA,1.539, NA, NA, NA, NA, NA, NA, NA, NA, NA,1.539,0,1.539,1.539,20.198,16.668,0.693, 
2018/3/6 11:13,20.803, NA,16.765,9.429,8.685, NA,11.812,19.899, NA,17.283,13.419, NA, NA,12.535,16.474,14.226,14.666,3.78,20.803,8.685,21.991,14.793,0.627, 
2018/3/6 11:13,19.259, NA,15.752,9.656,8.75, NA,11.795,19.309, NA,15.767,13.602,3.224, NA,12.753,15.428,14.404,13.308,4.355,19.309,3.224,21.131,14.824,0.621, 
2018/3/6 11:13, NA,17.26, NA,15.589,13.612,12.231,16.752, NA, NA, NA,15.001,5.358,5.228, NA, NA,15.372,12.934,4.324,17.26,5.228,22.196,17.606,0.663, 
2018/3/6 11:13,4.88,12.335, NA,12.911, NA, NA,12.59,6.175, NA,4.635, NA,19.456, NA, NA,5.846, NA,9.854,4.959,19.456,4.635,20.241,14.416,0.674, 
2018/3/6 11:13, NA,16.829, NA,15.211,13.241,11.669,16.35, NA, NA, NA,14.583,5.418,5.24, NA, NA,15.059,12.622,4.16,16.829,5.24,22.289,17.044,0.676, 
2018/3/6 11:33,2.925,2.71,2.934,2.75,2.808,2.871,2.726,2.973,2.778,2.835,2.886,2.939,2.862,2.884,2.878,2.891,2.853,0.076,2.973,2.71,21.882,16.146,0.462, 
2018/3/6 11:33, NA, NA, NA, NA, NA, NA, NA, NA, NA, NA,1.587, NA, NA, NA, NA, NA,1.587,0,1.587,1.587,20.408,15.568,0.71, 
2018/3/6 11:34, NA, NA, NA, NA, NA, NA, NA, NA, NA, NA, NA, NA, NA, NA, NA, NA, ?žæ•¸?? Std.,0,1000,20.361,16.684,0.714,,
2018/3/6 11:34,5.65,13.916, NA,14.439,13.819,12.556,14.448,5.687,12.645,5.652,4.709, NA,5.051, NA,5.64,11.533,9.673,4.037,14.448,4.709,22.46,14.806,0.688, 
2018/3/6 11:34, NA, NA, NA, NA, NA, NA, NA, NA, NA, NA, NA, NA, NA,1.014, NA, NA,1.014,0,1.014,1.014,20.409,16.707,0.656, 
2018/3/6 11:40, NA,4.368, NA, NA, NA, NA, NA, NA,3.392, NA, NA, NA, NA, NA, NA,1.738,3.166,1.085,4.368,1.738,20.264,14.808,0.652, 
2018/3/6 11:40,2.978,2.895,3.004,2.911,2.97,2.987,2.894,3.044,2.919,2.865,2.74,2.735,2.689,2.716,2.803,2.774,2.87,0.11,3.044,2.689,21.908,16.17,0.202, 
2018/3/6 11:40,19.386, NA,15.478,9.478,8.703, NA,11.629,18.827, NA,15.993,13.875, NA, NA,13.101,15.571,14.685,14.248,3.243,19.386,8.703,21.015,15.079,0.59, 
2018/3/6 11:40, NA,17.033, NA,15.507,13.701,12.154,16.609, NA, NA, NA,14.711,5.689,5.57,13.132, NA,15.443,12.955,3.928,17.033,5.57,23.186,17.351,0.691, 
2018/3/6 11:41,19.482, NA,16.152,8.986,8.292, NA,11.53,19.146, NA,16.242,13.63, NA,10.802,12.687,15.829,14.399,13.931,3.483,19.482,8.292,21.283,14.812,0.652, 
2018/3/6 11:41, NA,3.356, NA, NA, NA, NA, NA, NA,3.356, NA, NA, NA, NA,1.211, NA,1.313,2.309,1.047,3.356,1.211,20.33,16.205,0.679, 
2018/3/6 11:41, NA,15.893, NA,14.842,13.193,11.226,15.632, NA,15.732, NA,13.24,5.306,5.226, NA, NA,13.548,12.384,3.815,15.893,5.226,21.543,16.048,0.64, 
2018/3/6 11:41, NA,17.162, NA,15.578,13.891,12.504,16.696, NA, NA, NA,14.54,6.296,6.161,13.076, NA,15.343,13.125,3.716,17.162,6.161,22.985,17.352,0.612, 
2018/3/6 11:41,18.701, NA,15.198,9.369,8.922, NA,11.827,18.684, NA,15.018,14.029, NA,11.585,13.101,14.829,14.675,13.828,2.971,18.701,8.922,20.966,15.129,0.65, 
2018/3/6 11:58, NA, NA, NA, NA, NA, NA, NA, NA, NA, NA, NA, NA, NA, NA, NA, NA, ?žæ•¸?? Std.,0,1000,22.67,14.895,0.499,,
2018/3/6 11:58,2.76,2.924,2.895,2.746,2.794,2.834,2.837,2.863,2.819,2.889,2.802,2.853,2.881,2.835,2.876,2.82,2.839,0.047,2.924,2.746,21.828,16.146,0.444, 
2018/3/6 11:58,2.959,2.997,3.018,3.09,3.153,3.099,2.992,3.039,2.961,2.939,2.767,2.824,2.812,2.792,2.94,2.805,2.949,0.116,3.153,2.767,21.889,16.035,0.426, 
2018/3/6 11:58, NA,14.862, NA,13.636,11.331,11.099,14.178, NA,13.469, NA,12.634,5.033,4.919, NA, NA,13.111,11.427,3.407,14.862,4.919,22.585,14.842,0.62, 
2018/3/6 11:59,5.14,14.344, NA,14.546,13.644,12.375,14.792,5.641,13.135,5.297,7.266,5.191,5.23,5.1,5.561,11.99,9.283,4.077,14.792,5.1,21.585,14.845,0.668, 
2018/3/6 11:59, NA,16.534, NA,15.098,13.165,11.548,16.124, NA, NA, NA,14.081,5.363,5.248,12.929, NA,14.478,12.457,3.842,16.534,5.248,22.988,16.9,0.594, 
2018/3/6 11:59,18.751, NA,15.54,9.589,8.646, NA,11.662,18.763, NA,15.513,13.645, NA, NA,12.985,15.201,14.34,14.058,3.107,18.763,8.646,20.796,14.867,0.576, 
2018/3/6 11:59,2.812,2.748,2.917,2.76,2.83,2.891,2.804,2.908,2.725,2.737,2.819,2.689,2.863,2.855,2.716,2.808,2.805,0.069,2.917,2.689,21.881,16.185,0.488, 
2018/3/6 11:59, NA,16.836, NA,15.287,13.337,11.703,16.391, NA, NA, NA,14.851,5.399,5.21, NA, NA,15.088,12.678,4.197,16.836,5.21,21.299,17.246,0.698, 
2018/3/6 12:00, NA,16.648, NA,15.122,13.082,11.53,16.213, NA, NA, NA,15.047,5.615,5.277, NA, NA,15.259,12.644,4.118,16.648,5.277,22.848,17.257,0.608, 
2018/3/6 12:00, NA,17.23, NA,15.458,13.428,11.849,16.665, NA, NA, NA,15.421,5.407, NA, NA, NA,15.749,13.901,3.596,17.23,5.407,20.802,17.613,0.548, 
2018/3/6 12:00, NA,17.295, NA,15.592,13.802,12.264,16.658, NA, NA, NA,15.198,5.546,5.531, NA, NA,15.568,13.05,4.249,17.295,5.531,22.643,17.61,0.606, 
2018/3/6 12:00, NA,16.051, NA,14.913,13.224,11.486,15.718, NA,16.074, NA,13.973,5,4.978, NA, NA,14.344,12.576,4.018,16.074,4.978,21.11,16.096,0.629, 
2018/3/6 12:00,2.831,2.865,2.919,2.919,2.957,2.979,2.807,2.921,2.904,2.79,2.771,2.712,2.726,2.735,2.765,2.824,2.839,0.084,2.979,2.712,21.873,16.203,0.392, 
2018/3/6 12:01, NA,17.287, NA,15.564,13.569,12.096,16.709, NA, NA, NA,15.333,5.679, NA, NA, NA,15.714,13.994,3.506,17.287,5.679,21.289,17.608,0.456, 
2018/3/6 12:01, NA,16.616, NA,14.957,13.003,11.314,16.1, NA, NA, NA,14.827,5.558,5.406, NA, NA,15.445,12.581,4.085,16.616,5.406,22.504,17.238,0.569, 
2018/3/6 12:01, NA,0.813, NA, NA, NA, NA, NA, NA,0.813, NA,0.74, NA, NA, NA, NA,0.74,0.777,0.036,0.813,0.74,20.525,18.591,0.722, 
2018/3/6 12:01, NA,15.814, NA,14.398,11.614,11.524,15.132, NA, NA, NA,13.294,5.114,5.02,12.234, NA,14.138,11.828,3.642,15.814,5.02,23.229,15.858,0.637, 
2018/3/6 12:01, NA,17.33, NA,15.448,13.503,12.083,16.664, NA, NA, NA,15.197,5.718, NA, NA, NA,15.861,13.975,3.494,17.33,5.718,21.362,17.617,0.613, 
2018/3/6 12:01,5.017,14.009, NA,14.478,13.793,12.55,14.631,5.152,12.78,5.031,4.911, NA, NA, NA,5.113,11.603,9.922,4.198,14.631,4.911,22.996,14.849,0.622, 
2018/3/6 12:02,18.87, NA,15.898,9.371,8.723, NA,11.676,19.273, NA,15.535,13.975, NA, NA,13.15,15.338,14.72,14.23,3.228,19.273,8.723,20.903,15.087,0.679, 
2018/3/6 12:02, NA, NA, NA, NA, NA, NA, NA, NA, NA, NA, NA, NA, NA,1.202, NA, NA,1.202,0,1.202,1.202,20.365,16.29,0.683, 
2018/3/6 12:02,19.865, NA,16.619,9.219,8.262, NA,11.757,19.674, NA,16.615,13.528, NA, NA,12.614,16.147,14.262,14.415,3.644,19.865,8.262,21.424,14.766,0.609, 
2018/3/6 12:02, NA,16.523, NA,14.987,13.128,11.449,16.108, NA, NA, NA,14.111,5.354,5.219,12.898, NA,14.87,12.465,3.864,16.523,5.219,22.932,16.788,0.461, 
2018/3/6 12:03, NA,17.204, NA,15.38,13.347,11.817,16.58, NA, NA, NA,15.457,5.292, NA, NA, NA,15.828,13.863,3.626,17.204,5.292,21.633,17.588,0.699, 
2018/3/6 12:03, NA, NA, NA, NA, NA, NA, NA, NA,5.588,4.689,7.685, NA, NA,8.164,5.566,7.3,6.499,1.278,8.164,4.689,21.347,14.845,0.493, 
2018/3/6 12:03, NA, NA, NA, NA, NA, NA, NA, NA, NA, NA, NA, NA, NA, NA, NA, NA, ?žæ•¸?? Std.,0,1000,20.608,18.52,0.55,,
2018/3/6 12:03, NA, NA, NA, NA, NA, NA, NA, NA, NA, NA, NA, NA, NA, NA, NA, NA, ?žæ•¸?? Std.,0,1000,20.521,17.474,0.663,,
2018/3/6 12:03,21.276,4.272,17.54,4.625,4.852, NA,4.435,20.59,4.229,18.137,4.347,5.351,6.156,4.472,17.432,4.236,9.463,6.821,21.276,4.229,22.512,14.699,0.64, 
2018/3/6 12:04, NA, NA, NA, NA, NA, NA, NA, NA,3.168, NA,1.229, NA, NA, NA, NA,1.419,1.939,0.873,3.168,1.229,20.27,15.684,0.645, 
2018/3/6 12:04, NA,16.595, NA,14.953,13.035,11.425,16.123, NA, NA, NA,14.273,5.283,5.16,12.911, NA,14.973,12.473,3.908,16.595,5.16,22.643,16.972,0.614, 
2018/3/6 12:04, NA,16.901, NA,15.419,13.68,12.168,16.39, NA, NA, NA,15.156,5.446,6.451, NA, NA,15.283,12.988,3.993,16.901,5.446,21.88,17.365,0.716, 
2018/3/6 12:04, NA, NA, NA, NA, NA, NA, NA, NA, NA, NA, NA, NA, NA, NA, NA, NA, ?žæ•¸?? Std.,0,1000,22.398,15.742,0.602,,
2018/3/6 12:04, NA, NA, NA, NA, NA, NA, NA, NA, NA, NA,1.251, NA, NA, NA, NA,1.399,1.325,0.074,1.399,1.251,20.321,15.701,0.689, 
2018/3/6 12:04,4.811,13.893, NA,14.651,14.093,12.693,14.649,4.723,12.596,4.85,5.557, NA, NA, NA,4.811,11.267,9.883,4.267,14.651,4.723,22.311,14.793,0.647, 
2018/3/6 12:05, NA,16.869, NA,15.128,13.265,11.643,16.389, NA, NA, NA,14.628,5.373, NA,13.401, NA,15.302,13.555,3.273,16.869,5.373,21.443,17.267,0.617, 
2018/3/6 12:05, NA,1.68, NA, NA, NA, NA,1.934, NA, NA,4.056,7.952, NA,7.786,8.194,5.537,7.332,5.559,2.53,8.194,1.68,21.507,15.465,0.502, 
2018/3/6 12:05, NA, NA, NA, NA, NA, NA, NA, NA, NA, NA,1.598, NA, NA, NA, NA,1.321,1.459,0.139,1.598,1.321,20.282,16.687,0.666, 
2018/3/6 12:05,20.849,4.025,17.485,4.346,6.825, NA,4.162,20.657,3.966,17.44,4.053,5.662,5.956,4.156,16.763,3.98,9.355,6.69,20.849,3.966,22.216,14.52,0.571, 
2018/3/6 12:05,0.969,13.246, NA,1.342,6.346,6.524,5.292,1.017,0.837, NA,16.053,4.255,2.267, NA, NA,16.677,6.235,5.651,16.677,0.837,20.938,17.659,0.662, 
2018/3/6 12:06, NA, NA, NA, NA, NA, NA, NA, NA, NA, NA,1.248, NA, NA,1.235, NA,1.141,1.208,0.048,1.248,1.141,20.272,16.272,0.645, 
2018/3/6 12:06, NA, NA, NA, NA, NA, NA, NA, NA, NA, NA, NA, NA, NA,1.131, NA,1.08,1.106,0.026,1.131,1.08,20.287,16.302,0.686, 
2018/3/6 12:06, NA,17.104, NA,15.386,13.298,11.882,16.548, NA, NA, NA,14.699,5.581,5.424,13.38, NA,15.422,12.872,3.97,17.104,5.424,22.552,17.339,0.549, 
2018/3/6 12:06, NA,17.171, NA,15.453,13.765,12.057,16.674, NA, NA, NA,15.161,4.309, NA, NA, NA,15.888,13.81,3.9,17.171,4.309,20.53,17.392,0.604, 
2018/3/6 12:06,4.932,14.368, NA,14.173,12.983,11.534,14.632,4.866,13.494,5.104,9.345,5.305,5.308,5.093, NA,12.026,9.512,4.025,14.632,4.866,22.505,14.797,0.681, 
2018/3/6 12:06, NA, NA, NA, NA, NA, NA, NA, NA,3.387, NA, NA, NA, NA, NA, NA,1.894,2.641,0.746,3.387,1.894,20.261,15.033,0.697, 
2018/3/6 12:07, NA,16.478, NA,14.906,13.021,11.409,16.094, NA, NA, NA,14.048,5.109,5.005,12.807, NA,14.857,12.373,3.933,16.478,5.005,22.807,17.282,0.642, 
2018/3/6 12:07,18.416, NA,15.759,9.935,8.722, NA,11.655,19.219, NA,15.274,13.806,3.453, NA,12.944,15.136,14.722,13.253,4.172,19.219,3.453,20.785,14.856,0.59, 
2018/3/6 12:07, NA, NA, NA, NA, NA, NA,1.72, NA, NA, NA, NA, NA, NA, NA, NA, NA,1.72,0,1.72,1.72,20.276,16.639,0.774, 
2018/3/6 12:07, NA, NA, NA, NA, NA, NA, NA, NA, NA, NA, NA, NA, NA, NA, NA, NA, ?žæ•¸?? Std.,0,1000,20.259,16.601,0.693,,
2018/3/6 12:07,4.705,14.392, NA,14.335,13.152,11.696,14.573,4.648,13.673,4.899,9.05,4.901,4.906,4.82, NA,12.468,9.444,4.221,14.573,4.648,22.419,14.816,0.541, 
2018/3/6 12:08,17.549, NA,14.022,9.625,9.333, NA,11.891,17.886, NA,13.533,14.533,1.336, NA,13.624,13.603,15.369,12.692,4.239,17.886,1.336,20.273,15.68,0.675, 
2018/3/6 12:08, NA, NA, NA, NA, NA, NA, NA, NA, NA, NA, NA, NA, NA, NA, NA, NA, ?žæ•¸?? Std.,0,1000,20.291,16.632,0.678,,
2018/3/6 12:08, NA, NA, NA, NA, NA, NA, NA, NA, NA, NA,1.225, NA, NA,1.248, NA,1.1,1.191,0.065,1.248,1.1,20.283,16.311,0.652, 
2018/3/6 12:08, NA,16.567, NA,15.033,13.135,11.439,16.161, NA, NA, NA,13.973,5.149,4.851,12.808, NA,14.759,12.388,3.971,16.567,4.851,22.901,16.79,0.682, 
2018/3/6 12:08,19.329, NA,16.339,9.744,8.648, NA,11.946,19.572, NA,15.885,13.723, NA, NA,12.79,15.562,14.599,14.376,3.333,19.572,8.648,21.181,14.838,0.562, 
2018/3/6 12:09, NA,16.777, NA,14.962,12.974,11.461,16.157, NA, NA, NA,14.156,5.719,5.816,12.62, NA,14.973,12.562,3.722,16.777,5.719,23.004,17.543,0.591, 
2018/3/6 12:09, NA,16.932, NA,15.256,13.355,11.746,16.449, NA, NA, NA,14.624,5.281,5.689,13.141, NA,15.384,12.785,3.938,16.932,5.281,21.47,17.259,0.691, 
2018/3/6 12:09, NA,16.302, NA,14.539,11.55,11.47,15.494, NA, NA, NA,13.515,5.1,6.086,12.399, NA,14.358,12.081,3.58,16.302,5.1,22.847,16.074,0.641, 
2018/3/6 12:09,19.234, NA,16.259,9.767,8.587, NA,12.072,19.345, NA,15.561,13.717,3.49, NA,12.743,15.188,14.479,13.37,4.315,19.345,3.49,21.235,14.822,0.584, 
2018/3/6 12:09,4.635,8.354, NA,13.409, NA, NA,11.938,6.899, NA,4.527, NA,19.428,19.483, NA,5.265, NA,10.438,5.637,19.483,4.527,20.196,14.708,0.657, 
2018/3/6 12:09,2.836,2.947,2.945,2.966,3.108,3.061,2.967,2.866,3.006,2.903,2.904,2.963,3.037,2.962,2.946,2.963,2.961,0.067,3.108,2.836,22.042,16.133,0.441, 
2018/3/6 12:10, NA,17.067, NA,15.377,13.553,11.824,16.604, NA, NA, NA,14.755,5.493,5.315,13.394, NA,15.438,12.882,4.016,17.067,5.315,22.314,17.336,0.537, 
2018/3/6 12:10, NA,16.142, NA,15.008,13.541,11.796,15.825, NA,16.061, NA,13.643,5.677,5.734, NA, NA,13.954,12.738,3.742,16.142,5.677,22.065,16.655,0.669, 
2018/3/6 12:10, NA,16.614, NA,15.037,12.988,11.187,16.156, NA, NA, NA,14.225,5.259,5.164,12.728, NA,14.813,12.417,3.915,16.614,5.164,23.03,16.993,0.681, 
2018/3/6 12:10,1.042,17.408, NA,15.478,13.702,12.226,16.679,1.027, NA,0.895,15.195,4.72,7.302,13.863,0.908,15.745,9.728,6.456,17.408,0.895,20.867,17.672,0.704, 
2018/3/6 12:10, NA,16.742, NA,15.096,13.103,11.456,16.267, NA, NA, NA,14.353,5.324,5.174,13.05, NA,15.157,12.572,3.953,16.742,5.174,22.397,17.01,0.662, 
2018/3/6 12:11,20.222, NA,17.182,9.571,8.769, NA,11.719,20.179, NA,17.153,13.617,2.865,11.528,12.635,16.677,14.345,13.574,4.692,20.222,2.865,21.888,14.858,0.506, 
2018/3/6 12:11, NA,16.631, NA,14.985,13.119,11.67,16.158, NA, NA, NA,13.859,5.333,5.235,12.76, NA,14.878,12.463,3.865,16.631,5.235,23.011,16.986,0.581, 
2018/3/6 12:11, NA,17.589, NA,15.535,13.582,12.085,16.841, NA, NA, NA,15.371,5.58, NA,14.247, NA,16.187,14.113,3.41,17.589,5.58,20.343,17.64,0.538, 
2018/3/6 12:11,2.691,2.709,2.7,2.681,2.712,2.722,2.645,2.631,2.625,2.593,2.481,2.496,2.472,2.517,2.587,2.541,2.613,0.086,2.722,2.472,20.316,14.951,0.508, 
2018/3/6 12:11,19.196, NA,15.844,9.815,8.789, NA,12.162,19.214, NA,15.538,14.009,3.484, NA,13.122,15.192,14.901,13.439,4.26,19.214,3.484,20.883,15.121,0.614, 
2018/3/6 12:12,2.801,2.904,2.93,2.898,2.941,2.986,2.903,2.876,2.903,2.8,2.806,2.672,2.762,2.707,2.656,2.846,2.837,0.095,2.986,2.656,21.876,16.207,0.466, 
2018/3/6 12:12,3.056,2.901,2.92,2.881,2.858,2.868,2.886,2.967,2.993,2.982,2.93,3.12,3.068,2.912,3.078,3.078,2.969,0.084,3.12,2.858,22.065,16.143,0.567, 
2018/3/6 12:12,4.958,14.467, NA,14.229,13.041,11.397,14.573,4.932,13.795,4.937, NA,4.974,4.957,4.883, NA,12.223,9.49,4.292,14.573,4.883,23.057,14.806,0.513, 
2018/3/6 12:12,20.663,4.31,17.335,4.648,6.351,12.572,4.456,20.496,4.241,17.47,4.339,6.067,6.159,4.484,16.844,4.246,9.667,6.37,20.663,4.241,22.11,14.514,0.704, 
2018/3/6 12:12, NA, NA, NA, NA, NA, NA, NA, NA, NA, NA, NA, NA, NA, NA, NA, NA, ?žæ•¸?? Std.,0,1000,20.3,16.6,0.693,,
2018/3/6 12:12,19.558, NA,16.483,9.525,8.279, NA,11.941,19.52, NA,16.131,13.613,3.166, NA,12.681,15.692,14.412,13.417,4.539,19.558,3.166,21.257,14.785,0.656, 
2018/3/6 12:13, NA, NA, NA, NA, NA, NA, NA, NA, NA, NA,1.207, NA, NA,1.259, NA,1.327,1.264,0.049,1.327,1.207,20.245,16.246,0.658, 
2018/3/6 12:13,20.403, NA,17.123,9.89,8.392, NA,11.497,20.166, NA,17.23,13.236, NA,11.212,12.247,16.625,13.997,14.335,3.772,20.403,8.392,21.833,14.517,0.744, 
2018/3/6 12:13, NA, NA, NA, NA, NA, NA, NA, NA, NA, NA, NA, NA, NA, NA, NA, NA, ?žæ•¸?? Std.,0,1000,20.263,16.596,0.648,,
2018/3/6 12:13,0.864,17.457, NA,15.69,13.776,12.124,16.85,0.941, NA, NA,15.243,4.444, NA,14.09, NA,16.007,11.59,6.05,17.457,0.864,20.874,17.696,0.713, 
2018/3/6 12:13, NA, NA, NA, NA, NA, NA, NA, NA, NA, NA,1.176, NA, NA,1.157, NA,1.11,1.148,0.028,1.176,1.11,20.311,16.302,0.641, 
2018/3/6 12:14,18.435, NA,14.766,9.807,9.327, NA,12.457,18.464, NA,14.385,14.463,2.07, NA,13.508,14.292,15.423,13.116,4.259,18.464,2.07,20.812,15.625,0.588, 
2018/3/6 12:14, NA, NA, NA, NA, NA, NA, NA, NA, NA, NA, NA, NA, NA, NA, NA, NA, ?žæ•¸?? Std.,0,1000,20.248,16.614,0.711,,
2018/3/6 12:14, NA, NA, NA, NA, NA, NA, NA, NA, NA, NA, NA,0.874, NA, NA,0.852, NA,0.863,0.011,0.874,0.852,20.757,17.885,0.639, 
2018/3/6 12:14, NA, NA, NA, NA, NA, NA, NA, NA, NA, NA, NA, NA, NA,1.296, NA,1.113,1.204,0.092,1.296,1.113,20.304,16.297,0.69, 
2018/3/6 12:14,20.748, NA,17.274,9.18,8.025, NA,11.832,20.128, NA,17.243,13.422, NA,10.796,12.38,16.504,14.249,14.315,3.94,20.748,8.025,22.15,14.767,0.666, 
2018/3/6 12:15, NA, NA, NA, NA, NA, NA, NA, NA, NA, NA, NA, NA, NA, NA, NA, NA, ?žæ•¸?? Std.,0,1000,20.26,16.607,0.706,,
2018/3/6 12:15,5.09,14.348, NA,14.188,13.176,11.616,14.597,5.075,13.507,5.313,9.351,4.999,5.001,4.918, NA,12.114,9.521,4.057,14.597,4.918,22.467,14.8,0.66, 
2018/3/6 12:15, NA, NA, NA, NA, NA, NA, NA, NA, NA, NA, NA, NA, NA, NA, NA, NA, ?žæ•¸?? Std.,0,1000,20.249,16.627,0.674,,
2018/3/6 12:15, NA,16.787, NA,15.163,13.293,11.809,16.342, NA, NA, NA,14.338,5.251,5.092,13.112, NA,15.125,12.631,3.991,16.787,5.092,22.518,17.053,0.668, 
2018/3/6 12:15, NA, NA, NA, NA, NA, NA, NA, NA, NA, NA,1.219, NA, NA, NA, NA,1.406,1.313,0.093,1.406,1.219,20.278,15.674,0.692, 
2018/3/6 12:15, NA,16.73, NA,15.139,13.324,11.548,16.267, NA, NA, NA,14.278,5.464,5.333,12.989, NA,15.102,12.617,3.893,16.73,5.333,22.498,17.034,0.674, 
2018/3/6 12:16, NA, NA, NA, NA, NA, NA, NA, NA, NA, NA, NA, NA, NA, NA, NA,1.458,1.458,0,1.458,1.458,20.286,15.703,0.695, 
2018/3/6 12:16, NA,15.492, NA,14.447,12.826,11.075,15.287, NA,15.246, NA,12.643,5.043,4.967, NA, NA,12.962,11.999,3.745,15.492,4.967,22.768,15.729,0.621, 
2018/3/6 12:16, NA, NA, NA, NA, NA, NA, NA, NA, NA, NA, NA, NA, NA, NA, NA, NA, ?žæ•¸?? Std.,0,1000,20.29,16.638,0.682,,
2018/3/6 12:16,2.796,2.802,2.869,2.878,2.864,2.869,2.809,2.839,2.747,2.891,2.765,2.774,2.701,2.795,2.912,2.719,2.814,0.061,2.912,2.701,21.86,16.25,0.336, 
2018/3/6 12:16, NA, NA, NA, NA, NA, NA, NA, NA,3.213, NA, NA, NA, NA, NA, NA,1.36,2.287,0.926,3.213,1.36,20.245,15.753,0.694, 
2018/3/6 12:17, NA,16.949, NA,15.322,13.424,11.774,16.481, NA, NA, NA,14.914,5.402,5.798,13.382, NA,15.357,12.88,3.919,16.949,5.402,21.828,17.308,0.616, 
2018/3/6 12:17, NA, NA, NA, NA, NA, NA, NA, NA, NA,3.651,7.967, NA,7.722,8.208,5.225,7.452,6.704,1.681,8.208,3.651,22.252,14.84,0.533, 
2018/3/6 12:17,20.212, NA,17.197,9.537,8.477, NA,11.972,20.035, NA,17.05,13.549,3.667,11.653,12.605,16.611,14.417,13.614,4.545,20.212,3.667,21.858,14.741,0.651, 
2018/3/6 12:17, NA, NA, NA, NA, NA, NA, NA, NA, NA, NA,1.238, NA, NA, NA, NA,1.486,1.362,0.124,1.486,1.238,20.276,15.72,0.64, 
2018/3/6 12:17, NA,16.488, NA,15.034,13.031,11.31,16.114, NA, NA, NA,14.368,5.375,5.234,13.252, NA,15.263,12.547,3.903,16.488,5.234,22.292,16.798,0.524, 
2018/3/6 12:18, NA,5.925, NA, NA, NA, NA, NA, NA,6.16,4.59,8.704, NA, NA,9.138,5.599,7.721,6.834,1.578,9.138,4.59,23.412,14.784,0.539, 
2018/3/6 12:18,4.847,14.212, NA,14.194,13.613,11.636,14.509,4.804,13.391,4.991,9.868,5.108,5.144,5.807, NA,12.175,9.593,4.045,14.509,4.804,22.729,15.088,0.638, 
2018/3/6 12:18, NA, NA, NA, NA, NA, NA,1.616, NA, NA, NA, NA, NA, NA, NA, NA, NA,1.616,0,1.616,1.616,20.266,16.6,0.669, 
2018/3/6 12:18, NA,16.729, NA,14.997,13.08,11.38,16.137, NA, NA, NA,14.183,5.367,5.436,12.77, NA,15.097,12.518,3.865,16.729,5.367,22.661,17.007,0.553, 
2018/3/6 12:18, NA, NA, NA, NA, NA, NA, NA, NA, NA, NA,1.225, NA, NA, NA, NA,1.413,1.319,0.094,1.413,1.225,20.288,15.687,0.697, 
2018/3/6 12:18, NA,16.637, NA,15.225,12.947,11.506,16.122, NA, NA, NA,13.917,5.274,5.153,12.802, NA,14.722,12.431,3.899,16.637,5.153,22.768,16.991,0.635, 
2018/3/6 12:19, NA, NA, NA, NA, NA, NA,1.607, NA, NA, NA, NA, NA, NA, NA, NA, NA,1.607,0,1.607,1.607,20.268,16.605,0.747, 
2018/3/6 12:19, NA,4.19,17.457,4.524,6.142, NA,4.337,18.837,4.122, NA,4.189,5.635,5.519,4.307, NA,4.12,6.948,5.059,18.837,4.12,22.549,14.544,0.559, 
2018/3/6 12:19, NA, NA, NA, NA, NA, NA, NA, NA, NA, NA, NA, NA, NA, NA, NA, NA, ?žæ•¸?? Std.,0,1000,20.263,16.616,0.706,,
2018/3/6 12:19, NA,16.805, NA,15.165,13.294,11.548,16.329, NA, NA, NA,14.451,5.43,5.353,13.165, NA,15.284,12.682,3.932,16.805,5.353,22.937,17.233,0.607, 
2018/3/6 12:19,20.167, NA,16.471,9.232,7.962, NA,11.444,19.826, NA,16.822,13.467,2.888,8.991,12.447,16.248,14.261,13.094,4.784,20.167,2.888,21.405,14.766,0.672, 
2018/3/6 12:20, NA,17.126, NA,15.528,13.646,11.904,16.665, NA, NA, NA,14.748,6.022,5.834,13.591, NA,15.581,13.065,3.854,17.126,5.834,22.828,17.361,0.633, 
2018/3/6 12:20, NA,17.31, NA,15.801,13.414,12.189,16.791, NA, NA, NA,15.765,4.382,0.742,3.198,0.909,16.614,10.647,6.524,17.31,0.742,20.406,17.713,0.529, 
2018/3/6 12:20,5.416,14.318, NA,14.366,13.332,11.623,14.695,5.239,13.481,5.355,8.729,4.85,4.866,4.773, NA,11.974,9.501,4.08,14.695,4.773,22.915,14.831,0.693, 
2018/3/6 12:20, NA,17.245, NA,15.589,13.525,11.852,16.795, NA, NA, NA,14.988,6.194,7.805,13.537, NA,15.637,13.317,3.524,17.245,6.194,21.585,17.371,0.658, 
2018/3/6 12:20, NA,5.491, NA,4.56,4.799,5.25,4.731, NA, NA, NA,13.101,4.424,5.828,5.006, NA,17.973,7.116,4.368,17.973,4.424,23.056,14.695,0.664, 
2018/3/6 12:21,18.63, NA,14.971,9.54,8.645, NA,12.077,18.54, NA,15.199,14.03,3.377, NA,13.134,14.863,14.889,13.158,4.116,18.63,3.377,20.845,15.13,0.667, 
2018/3/6 12:21, NA,15.917, NA,14.342,11.601,10.944,15.113, NA, NA, NA,13.58,5.091,4.942, NA, NA,14.522,11.784,3.913,15.917,4.942,22.607,16.068,0.572, 
2018/3/6 12:21,1.05,17.244, NA,15.463,13.47,11.926,16.688,1.135, NA, NA,15.122,4.717, NA,13.961, NA,15.899,11.516,5.884,17.244,1.05,20.796,17.606,0.658, 
2018/3/6 12:21, NA,17.114, NA,15.329,13.262,11.635,16.567, NA, NA, NA,14.496,5.117,4.982,13.322, NA,15.378,12.72,4.131,17.114,4.982,22.743,17.32,0.692, 
2018/3/6 12:21,19.222, NA,16.117,9.68,8.734, NA,11.789,19.479, NA,15.912,13.778,3.386,11.119,12.761,15.656,14.546,13.245,4.251,19.479,3.386,20.987,14.862,0.665, 
2018/3/6 12:22, NA,16.62, NA,15.127,13.43,11.811,16.148, NA, NA, NA,14.121,5.236,5.147,12.872, NA,14.992,12.55,3.928,16.62,5.147,22.822,17.272,0.618, 
2018/3/6 12:22,20.268, NA,16.859,9.022,8.045, NA,11.5,19.919, NA,17.002,13.435,2.901,10.815,12.451,16.466,14.218,13.3,4.754,20.268,2.901,21.641,14.747,0.673, 
2018/3/6 12:22, NA,16.686, NA,15.069,13.137,11.101,16.281, NA, NA, NA,14.109,5.202,5.092,12.976, NA,15.074,12.473,3.979,16.686,5.092,22.966,16.995,0.404, 
2018/3/6 12:22,4.979,14.543, NA,14.321,13.118,11.734,14.722,4.932,13.849,5.289,11.162,5.148,5.186,5.161, NA,12.462,9.758,4.131,14.722,4.932,21.184,14.856,0.56, 
2018/3/6 12:22, NA,16.661, NA,15.095,13.172,11.022,16.236, NA, NA, NA,14.306,5.837,5.58,13.014, NA,15.169,12.609,3.788,16.661,5.58,22.787,16.77,0.662, 
2018/3/6 12:22,19.578, NA,16.36,9.304,8.168, NA,12.039,19.478, NA,16.277,13.679, NA,10.77,12.663,15.785,14.478,14.048,3.506,19.578,8.168,21.281,14.824,0.704, 
2018/3/6 12:23, NA,17.376, NA,15.736,13.749,11.967,16.94, NA, NA, NA,14.273,6.017,6.215,13.045, NA,15.132,13.045,3.804,17.376,6.017,23.306,16.656,0.637, 
2018/3/6 12:23,19.134, NA,15.72,9.412,8.153, NA,11.682,19.104, NA,15.551,13.99,3.537,11.205,13.039,15.24,14.774,13.119,4.194,19.134,3.537,21.03,15.099,0.576, 
2018/3/6 12:23, NA, NA, NA, NA, NA, NA, NA, NA, NA, NA, NA, NA, NA, NA, NA, NA, ?žæ•¸?? Std.,0,1000,22.416,18.544,0.65,,
2018/3/6 12:23,5.786,14.172, NA,14.664,13.803,12.77,14.743,5.596,13.04,5.846,4.925, NA,4.942,4.954,5.728,11.634,9.472,4.151,14.743,4.925,21.94,14.875,0.684, 
2018/3/6 12:23, NA,16.425, NA,14.901,13.023,10.997,16.092, NA, NA, NA,13.947,5.231,5.726,12.816, NA,14.917,12.408,3.785,16.425,5.231,23.194,16.752,0.622, 
2018/3/6 12:24, NA, NA, NA, NA,0.985, NA, NA, NA, NA, NA, NA, NA, NA, NA, NA, NA,0.985,0,0.985,0.985,20.625,17.468,0.633, 
2018/3/6 12:24, NA, NA, NA, NA, NA, NA, NA, NA, NA, NA, NA, NA, NA, NA, NA, NA, ?žæ•¸?? Std.,0,1000,20.264,16.587,0.723,,
2018/3/6 12:24, NA,17.41, NA,15.87,13.702,6.132,16.962, NA, NA, NA,15.192,5.457, NA,14.09, NA,15.887,13.411,4.226,17.41,5.457,20.232,17.616,0.738, 
2018/3/6 12:24, NA,16.619, NA,15.441,13.336,11.636,16.515, NA, NA, NA,13.842,6.176,6.041,12.519, NA,14.74,12.686,3.624,16.619,6.041,23.277,17.318,0.612, 
2018/3/6 12:24,18.685, NA,16.065,10.528,9.395, NA,11.688,19.446, NA,15.204,13.787,3.574, NA,12.925,15.154,14.486,13.411,4.115,19.446,3.574,20.822,14.791,0.701, 
2018/3/6 12:25, NA, NA, NA, NA, NA, NA, NA, NA, NA, NA, NA, NA, NA, NA, NA, NA, ?žæ•¸?? Std.,0,1000,20.28,16.611,0.699,,
2018/3/6 12:25, NA,17.24, NA,15.538,13.639,12.022,16.723, NA, NA, NA,14.683,5.182,6.817,13.303, NA,15.353,13.05,3.839,17.24,5.182,21.847,17.372,0.725, 
2018/3/6 12:25, NA, NA, NA, NA, NA, NA, NA, NA, NA, NA, NA, NA, NA, NA, NA, NA, ?žæ•¸?? Std.,0,1000,20.953,18.748,0.594,,
2018/3/6 12:25,20.76,4.206,17.316,4.555,5.383, NA,4.368,20.212,4.099,17.611,4.184,6.141,5.926,4.311,16.906,4.093,9.338,6.615,20.76,4.093,22.118,14.748,0.695, 
2018/3/6 12:25, NA, NA, NA, NA, NA, NA, NA, NA, NA, NA, NA, NA, NA, NA, NA, NA, ?žæ•¸?? Std.,0,1000,20.283,16.314,0.726,,
2018/3/6 12:26,2.885,2.68,2.899,2.726,2.864,2.955,2.642,2.86,2.782,2.946,2.782,2.973,2.952,2.876,2.938,2.735,2.843,0.102,2.973,2.642,21.856,16.194,0.432, 
2018/3/6 12:26, NA,17.178, NA,15.322,13.359,11.773,16.55, NA, NA, NA,15.041,5.259,7.562,13.939, NA,15.845,13.183,3.734,17.178,5.259,20.976,17.387,0.679, 
2018/3/6 12:26,20.878,4.177,17.969,4.495,5.685,12.556,4.309,20.673,4.108,17.876,4.241,5.803,5.853,4.382,17.33,4.137,9.654,6.614,20.878,4.108,22.232,14.506,0.577, 
2018/3/6 12:26, NA, NA, NA, NA, NA, NA, NA, NA, NA, NA, NA, NA, NA, NA, NA, NA, ?žæ•¸?? Std.,0,1000,20.276,16.594,0.737,,
2018/3/6 12:26, NA,17.377, NA,15.767,13.853,12.255,16.883, NA, NA, NA,14.8,5.383,5.316,13.372, NA,15.806,13.081,4.14,17.377,5.316,22.199,17.564,0.659, 
2018/3/6 12:27, NA,16.372, NA,15.136,13.461,11.724,15.998, NA,16.313, NA,13.73,5.263,5.051, NA, NA,13.965,12.701,4.017,16.372,5.051,20.716,16.404,0.657, 
2018/3/6 12:27, NA,16.574, NA,14.991,13.06,11.15,16.075, NA, NA, NA,14.162,5.143,5.038,12.91, NA,15.038,12.414,3.96,16.574,5.038,22.584,16.777,0.685, 
2018/3/6 12:27, NA, NA, NA, NA, NA, NA, NA, NA, NA, NA,1.216, NA, NA, NA, NA,1.459,1.338,0.122,1.459,1.216,20.323,15.692,0.714, 
2018/3/6 12:27, NA,16.705, NA,15.13,13.228,11.457,16.266, NA, NA, NA,14.141,5.301,5.182,12.867, NA,15.068,12.534,3.939,16.705,5.182,22.666,16.999,0.36, 
2018/3/6 12:27,18.093, NA,14.792,9.758,8.851, NA,11.955,18.575, NA,14.665,14.036, NA, NA,13.198,14.594,14.94,13.95,2.849,18.575,8.851,20.634,15.141,0.599, 
2018/3/6 12:28, NA, NA, NA, NA, NA, NA, NA, NA, NA, NA, NA, NA, NA, NA, NA,1.45,1.45,0,1.45,1.45,20.386,15.699,0.664, 
2018/3/6 12:28, NA, NA, NA, NA, NA, NA, NA, NA,6.008,3.894,8.237, NA, NA,8.707, NA,7.76,6.921,1.768,8.707,3.894,21.977,14.623,0.513, 
2018/3/6 12:28,20.648, NA,17.463,9.56,8.098, NA,11.561,20.32, NA,17.581,13.253,2.783,10.662,12.264,16.94,14.078,13.478,4.923,20.648,2.783,22.15,14.52,0.656, 
2018/3/6 12:28,17.911, NA,14.349,9.437,9.073, NA,12.049,18.129, NA,14.099,14.28,1.426, NA,13.36,14.09,15.175,12.782,4.316,18.129,1.426,20.476,15.585,0.699, 
2018/3/6 12:28, NA,4.406, NA,4.721,9.343, NA,4.549, NA,4.347, NA,4.459,6.133,6.16,4.577, NA,4.362,5.306,1.5,9.343,4.347,22.896,14.471,0.583, 
2018/3/6 12:28, NA, NA, NA, NA, NA, NA, NA, NA,3.155, NA, NA, NA, NA, NA, NA,1.498,2.327,0.828,3.155,1.498,20.239,15.706,0.686, 
2018/3/6 12:28,2.919,2.77,2.89,2.827,2.911,2.876,2.797,2.925,2.751,2.901,2.695,2.905,2.868,2.792,2.91,2.73,2.842,0.073,2.925,2.695,21.904,16.226,0.344, 
2018/3/6 12:29,19.11, NA,15.74,9.712,9.003, NA,11.745,19.043, NA,15.631,13.887,2.913, NA,12.97,15.307,14.818,13.323,4.345,19.11,2.913,21.171,15.107,0.647, 
2018/3/6 12:29, NA,4.245, NA,4.518,9.184,12.657,4.381, NA,4.191, NA,4.311,5.515,6.326,4.445, NA,4.208,5.817,2.595,12.657,4.191,22.985,14.434,0.591, 
2018/3/6 12:29, NA, NA, NA, NA, NA, NA, NA, NA, NA, NA, NA, NA, NA, NA, NA, NA, ?žæ•¸?? Std.,0,1000,20.32,16.612,0.654,,
2018/3/6 12:29, NA,16.803, NA,15.093,13.464,11.72,16.306, NA, NA, NA,14.094,5.297,5.27,12.781, NA,14.9,12.573,3.921,16.803,5.27,22.727,17.007,0.741, 
2018/3/6 12:30,19.109, NA,15.665,10.012,8.882, NA,11.964,18.961, NA,15.39,13.96,2.858, NA,12.972,14.979,14.842,13.299,4.308,19.109,2.858,20.937,15.103,0.684, 
2018/3/6 12:30, NA, NA, NA, NA, NA, NA,2.144, NA,5.122,3.874,7.771, NA, NA,8.216,5.398,7.178,5.672,2.042,8.216,2.144,21.971,15.141,0.534, 
2018/3/6 12:30,17.829, NA,14.594,9.438,9.134, NA,12.031,18.278, NA,13.961,14.452,1.258, NA,13.516,13.975,15.36,12.819,4.374,18.278,1.258,20.446,15.625,0.69, 
2018/3/6 12:30, NA,16.612, NA,14.933,13.075,11.357,16.207, NA, NA, NA,14.455,5.344,5.232,13.089, NA,15.397,12.57,3.934,16.612,5.232,22.801,16.817,0.677, 
2018/3/6 12:30, NA,17.322, NA,15.892,13.619,12.208,16.799, NA, NA, NA,15.186,5.838,7.101,14.007, NA,15.836,13.381,3.754,17.322,5.838,21.303,17.692,0.614, 
2018/3/6 12:31,2.905,2.772,2.882,2.872,2.857,2.825,2.806,2.896,2.797,2.82,2.719,2.851,2.807,2.738,2.867,2.724,2.821,0.058,2.905,2.719,21.879,16.254,0.44, 
2018/3/6 12:31, NA,14.256, NA,12.959,9.041,7.373,13.496, NA,14.873, NA, NA,5.938,6.053, NA, NA,14.292,10.92,3.552,14.873,5.938,21.846,14.824,0.682, 
2018/3/6 12:31, NA,16.016, NA,14.517,11.683,11.404,15.268, NA, NA, NA,13.638,5.122,4.994, NA, NA,14.46,11.9,3.925,16.016,4.994,22.907,16.085,0.7, 
2018/3/6 12:31,19.282, NA,16.026,9.449,8.349, NA,11.967,19.142, NA,15.71,13.722,3.39, NA,12.817,15.284,14.563,13.308,4.363,19.282,3.39,21.013,14.824,0.638, 
2018/3/6 12:31, NA,16.516, NA,14.945,12.998,11.262,16.097, NA, NA, NA,13.898,5.484,5.738,12.61, NA,14.81,12.436,3.729,16.516,5.484,23.212,16.713,0.635, 
2018/3/6 12:31, NA,17.644, NA,15.589,10.216,5.869,16.914, NA, NA, NA,15.083,6.241,7.428,13.714, NA,15.937,12.464,4.353,17.644,5.869,21.86,17.647,0.627, 
2018/3/6 12:32, NA,15.921, NA,14.378,11.622,10.014,15.158, NA, NA, NA,13.319,5.268,5.171,12.181, NA,14.194,11.723,3.645,15.921,5.171,23.336,16.047,0.564, 
2018/3/6 12:32, NA,17.076, NA,15.375,13.408,11.218,16.573, NA, NA, NA,14.997,5.27, NA, NA, NA,15.552,13.684,3.621,17.076,5.27,21.213,17.307,0.587, 
2018/3/6 12:32, NA, NA, NA, NA, NA, NA, NA, NA, NA, NA, NA, NA, NA, NA, NA,1.398,1.398,0,1.398,1.398,20.251,15.731,0.669, 
2018/3/6 12:32,20.153, NA,16.858,9.524,8.497, NA,11.528,19.945, NA,16.894,13.415,2.889,10.753,12.477,16.447,14.197,13.352,4.669,20.153,2.889,21.545,14.571,0.625, 
2018/3/6 12:32,2.91,2.838,2.937,2.742,2.967,2.984,2.625,2.884,2.858,2.924,2.798,2.719,2.742,2.767,2.796,2.782,2.83,0.097,2.984,2.625,21.897,16.22,0.461, 
2018/3/6 12:33,19.025, NA,15.751,9.589,8.55, NA,11.773,19.15, NA,15.476,13.976, NA, NA,13.098,15.236,14.769,14.218,3.213,19.15,8.55,21.14,15.067,0.691, 
2018/3/6 12:33, NA, NA, NA, NA, NA, NA, NA, NA, NA, NA,1.212, NA, NA, NA, NA,1.42,1.316,0.104,1.42,1.212,20.262,15.683,0.693, 
2018/3/6 12:33,2.849,2.826,2.92,2.938,2.851,2.911,2.872,2.837,2.961,2.898,3.015,3.067,3.021,3.052,3.026,3.061,2.944,0.083,3.067,2.826,22.016,16.126,0.354, 
2018/3/6 12:33,5.253,14.409, NA,14.327,13.223,11.748,14.595,5.028,13.754,5.232,8.261,5.067,5.102,4.955, NA,12.523,9.534,4.114,14.595,4.955,22.945,14.833,0.704, 
2018/3/6 12:33,4.919,14.495, NA,13.959,12.785,11.112,14.578,4.836,13.889,5.071,10.379,5.069,5.003,4.883, NA,12.626,9.543,4.117,14.578,4.836,20.683,14.776,0.64, 
2018/3/6 12:33,18.192, NA,21.855,18.147,17.5,19.213, NA,21.14, NA,17.802,15.377,12.102,13.626,14.829,19.004, NA,17.399,2.8,21.855,12.102,23.155,15.779,0.624, 
2018/3/6 12:34, NA, NA, NA, NA, NA, NA, NA, NA,5.369,4.798,7.815, NA, NA,8.254,5.452,7.353,6.507,1.342,8.254,4.798,21.16,15.038,0.507, 
2018/3/6 12:34,19.07, NA,15.767,9.84,8.81, NA,11.832,19.157, NA,15.648,13.937, NA, NA,12.988,15.306,14.887,14.295,3.157,19.157,8.81,21.189,15.151,0.578, 
2018/3/6 12:34, NA, NA, NA, NA, NA, NA, NA, NA, NA, NA,1.225, NA, NA,1.293, NA,1.146,1.221,0.06,1.293,1.146,20.255,16.291,0.683, 
2018/3/6 12:34, NA,17.42, NA,15.574,13.783,12.29,16.739, NA, NA, NA,15.341,4.711,7.992,14.208, NA,16.105,13.416,3.872,17.42,4.711,20.545,17.71,0.669, 
2018/3/6 12:35, NA, NA, NA, NA, NA, NA, NA, NA, NA, NA,1.711, NA, NA, NA, NA,1.566,1.639,0.073,1.711,1.566,20.246,16.587,0.681, 
2018/3/6 12:35, NA,17.526, NA,15.752,13.729,12.155,16.941, NA, NA, NA,15.117,4.515, NA,14.095, NA,16.273,14.012,3.712,17.526,4.515,20.949,17.702,0.637, 
2018/3/6 12:35, NA, NA, NA, NA, NA, NA, NA, NA,5.182,4.048,8.022, NA, NA,8.424,5.206,7.264,6.357,1.628,8.424,4.048,22.113,15.23,0.514, 
2018/3/6 12:35,2.889,2.884,2.879,3.001,3.073,2.896,2.866,2.922,3.032,2.824,3.038,2.986,3.001,3.069,2.89,3.048,2.956,0.08,3.073,2.824,22.008,16.126,0.439, 
2018/3/6 12:35, NA,2.273, NA, NA, NA, NA,2.216, NA,6.969,6.026,9.474, NA, NA,10.296,7.926,7.523,6.588,2.805,10.296,2.216,20.921,16.219,0.484, 
2018/3/6 12:36, NA,16.712, NA,15.106,13.144,11.459,16.253, NA, NA, NA,14.476,5.58,6.704,13.212, NA,15.277,12.792,3.645,16.712,5.58,22.047,17.025,0.583, 
2018/3/6 12:36, NA, NA, NA, NA, NA, NA, NA, NA, NA, NA, NA, NA, NA, NA, NA, NA, ?žæ•¸?? Std.,0,1000,20.285,16.332,0.697,,
2018/3/6 12:36,19.665, NA,16.707,9.406,8.317, NA,11.836,19.65, NA,16.282,13.706, NA, NA,12.763,15.903,14.61,14.44,3.543,19.665,8.317,21.566,14.845,0.635, 
2018/3/6 12:36, NA, NA, NA, NA, NA, NA, NA, NA, NA, NA, NA, NA, NA, NA, NA, NA, ?žæ•¸?? Std.,0,1000,20.356,16.325,0.718,,
2018/3/6 12:36, NA,17.023, NA,15.267,13.366,11.744,16.523, NA, NA, NA,14.682,5.155, NA,13.319, NA,15.466,13.616,3.376,17.023,5.155,21.763,17.299,0.595, 
2018/3/6 12:37, NA, NA, NA, NA, NA, NA, NA, NA, NA, NA, NA, NA, NA, NA, NA, NA, ?žæ•¸?? Std.,0,1000,20.225,16.604,0.658,,
2018/3/6 12:37, NA,17.318, NA,15.585,12.999,11.346,16.792, NA, NA, NA,11.335,4.988,4.498,1.363, NA,16.137,11.236,5.439,17.318,1.363,22.694,17.616,0.565, 
2018/3/6 12:37, NA, NA, NA, NA, NA, NA, NA, NA, NA, NA, NA, NA, NA, NA, NA,1.485,1.485,0,1.485,1.485,20.311,15.72,0.66, 
2018/3/6 12:37,5.082,13.986, NA,14.67,14.141,12.817,14.639,5.491,12.576,5.05,6.089, NA, NA, NA,5.082,10.636,10.022,4.081,14.67,5.05,22.54,14.827,0.682, 
2018/3/6 12:37, NA, NA, NA, NA, NA, NA, NA, NA,3.162, NA, NA, NA, NA, NA, NA,1.462,2.312,0.85,3.162,1.462,20.272,15.738,0.72, 
2018/3/6 12:37, NA,14.461, NA,13.994,12.747,11.009,14.603, NA,13.729, NA, NA,4.897,4.862,4.805, NA,12.568,10.767,3.996,14.603,4.805,22.65,14.798,0.575, 
2018/3/6 12:38,20.113, NA,16.89,9.554,8.567, NA,12.034,20.03, NA,16.88,13.646, NA,11.674,12.649,16.453,14.509,14.417,3.595,20.113,8.567,21.766,14.84,0.614, 
2018/3/6 12:38, NA,4.041, NA,4.377,7.919, NA,4.19, NA,3.982, NA,4.095,6.335,5.699,4.222, NA,3.996,4.886,1.269,7.919,3.982,22.395,14.529,0.579, 
2018/3/6 12:38,18.841, NA,15.432,9.687,8.548, NA,12.013,19.102, NA,15.447,13.736,3.161, NA,12.805,15.224,14.639,13.22,4.276,19.102,3.161,20.9,14.823,0.693, 
2018/3/6 12:38,20.98, NA,17.362,9.551,8.073, NA,11.828,20.437, NA,17.667,13.281, NA,10.308,12.256,16.999,14.073,14.401,4.07,20.98,8.073,22.272,14.499,0.617, 
2018/3/6 12:38, NA, NA, NA, NA, NA, NA, NA, NA, NA, NA, NA, NA, NA,1.275, NA,1.04,1.157,0.117,1.275,1.04,20.255,16.296,0.648, 
2018/3/6 12:39, NA,16.69, NA,15.097,13.168,11.538,16.264, NA, NA, NA,14.21,5.407,4.155,13.07, NA,15.102,12.47,4.121,16.69,4.155,22.694,17.011,0.627, 
2018/3/6 12:39, NA, NA, NA, NA, NA, NA, NA, NA,3.339, NA, NA, NA, NA, NA, NA,1.854,2.597,0.742,3.339,1.854,20.268,15.103,0.737, 
2018/3/6 12:39,2.916,2.918,2.866,2.822,2.916,2.883,2.866,2.89,2.921,2.86,2.786,2.761,2.694,2.806,2.765,2.86,2.846,0.065,2.921,2.694,21.915,16.222,0.477, 
2018/3/6 12:39, NA, NA, NA, NA, NA, NA, NA, NA, NA, NA,1.206, NA, NA, NA, NA,1.498,1.352,0.146,1.498,1.206,20.294,15.693,0.712, 
2018/3/6 12:39, NA,16.774, NA,15.181,13.199,11.097,16.346, NA, NA, NA,14.402,5.419,5.144,13.229, NA,15.24,12.603,3.981,16.774,5.144,22.607,17.028,0.688, 
2018/3/6 12:40, NA, NA, NA, NA, NA, NA, NA, NA, NA, NA, NA, NA, NA, NA, NA, NA, ?žæ•¸?? Std.,0,1000,20.231,16.337,0.647,,
2018/3/6 12:40,2.945,2.855,2.924,2.938,2.952,2.931,2.881,2.916,2.838,2.975,2.749,2.756,2.754,2.862,2.853,2.703,2.865,0.082,2.975,2.703,21.92,16.199,0.343, 
2018/3/6 12:40, NA, NA, NA, NA, NA, NA, NA, NA, NA, NA, NA, NA, NA, NA, NA,1.147,1.147,0,1.147,1.147,20.301,16.298,0.717, 
2018/3/6 12:40, NA,16.789, NA,15.076,13.33,11.509,16.145, NA, NA, NA,14.21,5.16,5.997,12.706, NA,14.945,12.587,3.808,16.789,5.16,23.104,16.995,0.711, 
2018/3/6 12:40,19.203, NA,15.996,9.602,8.518, NA,11.971,19.202, NA,15.764,13.921,2.994, NA,13.01,15.44,14.738,13.363,4.422,19.203,2.994,21.071,15.052,0.6, 
2018/3/6 12:40,21.606,4.428,18.472,4.801,7.946,11.726,4.601,21.13,4.344,18.776,4.417,6.068,6.465,4.542,17.969,4.345,10.102,6.699,21.606,4.344,22.932,14.44,0.723, 
2018/3/6 12:41,19.752, NA,16.495,9.905,8.58, NA,11.663,19.841, NA,16.493,13.346,3.006,10.619,12.353,16.009,14.143,13.247,4.501,19.841,3.006,21.554,14.556,0.643, 
2018/3/6 12:41, NA,16.886, NA,15.204,13.352,11.744,16.283, NA, NA, NA,14.675,5.407,5.379,13.475, NA,15.666,12.807,3.974,16.886,5.379,22.883,17.526,0.655, 
2018/3/6 12:41,2.923,2.731,2.795,2.897,2.787,2.79,2.841,2.877,2.922,2.887,2.704,2.829,2.803,2.748,2.894,2.746,2.823,0.069,2.923,2.704,21.799,16.111,0.59, 
2018/3/6 12:41, NA,15.827, NA,14.33,11.241,11.302,15.09, NA, NA, NA,13.569,5.037,4.945,12.224, NA,14.572,11.814,3.711,15.827,4.945,23.199,15.845,0.665, 
2018/3/6 12:41, NA,16.67, NA,15.016,13.064,11.315,16.176, NA, NA, NA,14.523,5.286, NA,13.378, NA,15.316,13.416,3.27,16.67,5.286,21.215,17.006,0.68, 
2018/3/6 12:42, NA,16.812, NA,15.183,13.556,11.557,16.362, NA, NA, NA,14.194,5.546,5.437,13.063, NA,15.166,12.688,3.884,16.812,5.437,23.169,17.055,0.606, 
2018/3/6 12:42, NA, NA, NA, NA, NA, NA, NA, NA, NA, NA,0.887, NA,0.753,0.859, NA, NA,0.833,0.058,0.887,0.753,20.576,18.083,0.717, 
2018/3/6 12:42,2.939,2.739,2.851,2.729,2.847,2.826,2.721,2.891,2.799,2.949,2.796,2.82,2.733,2.71,2.895,2.839,2.818,0.074,2.949,2.71,21.948,16.261,0.477, 
2018/3/6 12:42,2.97,3.031,2.951,3.042,3.068,3.027,3.018,3.007,3.071,2.826,2.856,2.899,2.812,2.867,2.9,2.96,2.956,0.084,3.071,2.812,22.016,16.114,0.493, 
2018/3/6 12:42,2.599,2.7,2.926,2.789,2.85,2.92,2.717,2.863,2.712,2.621,2.76,2.817,2.863,2.902,2.822,2.753,2.788,0.097,2.926,2.599,21.919,16.279,0.483, 
2018/3/6 12:43, NA,17.055, NA,15.347,13.361,11.57,16.461, NA, NA, NA,14.932,5.251,7.344,13.77, NA,15.73,13.082,3.74,17.055,5.251,20.997,17.321,0.644, 
2018/3/6 12:43,5.448,14.424, NA,14.569,13.539,11.974,14.863,5.377,13.229,5.537,6.808,5.132,5.158,5.066, NA,11.989,9.508,4.099,14.863,5.066,23.26,14.829,0.662, 
2018/3/6 12:43,19.099, NA,15.409,9.619,8.686, NA,11.62,18.991, NA,15.889,13.767,3.048, NA,12.841,15.534,14.635,13.262,4.35,19.099,3.048,21.071,14.86,0.56, 
2018/3/6 12:43, NA,15.589, NA,14.462,12.893,11.014,15.286, NA,15.561, NA,12.727,5.067,4.96, NA, NA,13.018,12.058,3.786,15.589,4.96,22.592,15.755,0.612, 
2018/3/6 12:43,1.076,17.08, NA,15.363,13.452,11.928,16.604,1.054, NA, NA,15.129,4.871, NA,13.832, NA,16.035,11.493,5.854,17.08,1.054,20.785,17.591,0.658, 
2018/3/6 12:44, NA,16.633, NA,15.034,13.087,11.386,16.239, NA, NA, NA,14.123,5.25,5.132,12.881, NA,15.006,12.477,3.937,16.633,5.132,23.117,16.806,0.597, 
2018/3/6 12:44,1.134,17.288, NA,15.631,13.756,12.218,16.733,1.192, NA, NA,15.291,5.608, NA,14.102, NA,15.679,11.694,5.801,17.288,1.134,21.229,17.625,0.674, 
2018/3/6 12:44,5,14.509, NA,14.132,12.975,11.218,14.659,4.991,13.728,4.992,7.974,5.212,5.175,5.054, NA,12.046,9.405,4.075,14.659,4.991,22.554,14.793,0.617, 
2018/3/6 12:44,2.879,2.931,3.07,2.984,3.036,3.041,2.897,3.043,3.002,2.83,3.008,2.891,2.978,2.968,2.82,3.053,2.965,0.078,3.07,2.82,22.023,16.102,0.377, 
2018/3/6 12:44, NA, NA, NA, NA, NA, NA, NA, NA, NA, NA, NA, NA, NA, NA, NA, NA, ?žæ•¸?? Std.,0,1000,20.249,16.61,0.744,,
2018/3/6 12:44,2.93,2.985,3.047,2.909,3.038,3.109,2.927,3.005,3.125,2.875,3.081,2.898,3.019,3.105,2.882,3.096,3.002,0.086,3.125,2.875,22.131,16.112,0.504, 
2018/3/6 12:45, NA,16.941, NA,15.306,13.419,11.575,16.456, NA, NA, NA,14.053,5.307,5.24,12.639, NA,14.936,12.587,3.971,16.941,5.24,23.363,17.224,0.61, 
2018/3/6 12:45, NA,17.274, NA,15.317,13.437,11.814,16.664, NA, NA,0.894,1.201,4.77,0.857,2.015,0.898,4.969,7.509,6.516,17.274,0.857,20.94,17.64,0.624, 
2018/3/6 12:45, NA, NA, NA, NA, NA, NA, NA, NA, NA, NA,1.167, NA, NA,1.172, NA,1.073,1.137,0.045,1.172,1.073,20.25,16.303,0.684, 
2018/3/6 12:45, NA,16.758, NA,15.052,13.127,11.508,16.279, NA, NA, NA,14.5,5.315, NA,13.347, NA,15.288,13.464,3.267,16.758,5.315,21.33,17.047,0.688, 
2018/3/6 12:45, NA,16.022, NA,14.462,11.728,10.723,15.232, NA, NA, NA,13.748,5.217,5.237, NA, NA,14.716,11.898,3.894,16.022,5.217,22.813,16.125,0.66, 
2018/3/6 12:46, NA,17.37, NA,15.554,13.521,11.918,16.79, NA, NA, NA,15.452,5.64,7.852, NA, NA,15.853,13.328,3.877,17.37,5.64,20.991,17.631,0.661, 
2018/3/6 12:46, NA, NA, NA, NA, NA, NA, NA, NA, NA, NA, NA, NA, NA, NA, NA, NA, ?žæ•¸?? Std.,0,1000,20.3,16.593,0.691,,
2018/3/6 12:46, NA,16.734, NA,15.111,13.168,11.472,16.3, NA, NA, NA,14.405,5.425,5.263,13.189, NA,15.127,12.619,3.924,16.734,5.263,22.372,17.025,0.607, 
2018/3/6 12:46,19.879, NA,16.542,9.093,8.111, NA,11.751,19.699, NA,16.133,13.511,2.896,10.693,12.474,15.472,14.315,13.121,4.565,19.879,2.896,21.491,14.778,0.605, 
2018/3/6 12:47, NA, NA, NA, NA, NA, NA, NA, NA, NA, NA, NA, NA, NA, NA, NA, NA, ?žæ•¸?? Std.,0,1000,-1,-1,-1,,
2018/3/6 12:47, NA, NA, NA, NA, NA, NA,1.713, NA, NA, NA, NA, NA, NA, NA, NA, NA,1.713,0,1.713,1.713,20.265,16.574,0.727, 
2018/3/6 12:47, NA,16.744, NA,15.146,13.131,11.454,16.273, NA, NA, NA,14.462,5.411,6.871,13.228, NA,15.25,12.797,3.657,16.744,5.411,21.881,17.043,0.406, 
2018/3/6 12:47,19.663, NA,16.563,9.541,8.433, NA,11.668,19.67, NA,16.386,13.55,3.116, NA,12.635,16.066,14.507,13.483,4.607,19.67,3.116,21.237,14.76,0.581, 
2018/3/6 12:47,21.316,4.204,17.982,4.525,7.503,12.355,4.344,20.717,4.122,18.314,4.205,5.199,5.956,4.316,17.545,4.13,9.796,6.679,21.316,4.122,22.446,14.439,0.67, 
2018/3/6 12:47, NA, NA, NA, NA, NA, NA, NA, NA, NA, NA, NA, NA, NA, NA, NA, NA, ?žæ•¸?? Std.,0,1000,20.275,16.588,0.744,,
2018/3/6 12:48, NA,16.644, NA,15.076,13.177,11.368,16.185, NA, NA, NA,14.335,5.259,5.804,13.059, NA,15.194,12.61,3.837,16.644,5.259,22.09,17.012,0.551, 
2018/3/6 12:48, NA,16.884, NA,15.365,13.48,11.334,16.445, NA, NA, NA,14.537,5.706,5.561,13.467, NA,15.307,12.808,3.894,16.884,5.561,21.397,17.281,0.573, 
2018/3/6 12:48, NA,17.033, NA,15.508,13.656,12.169,16.423, NA, NA, NA,14.524,5.776,5.691,13.315, NA,15.428,12.952,3.864,17.033,5.691,22.163,17.595,0.733, 
2018/3/6 12:48, NA, NA, NA, NA, NA, NA, NA, NA,3.189, NA, NA, NA, NA, NA, NA,1.481,2.335,0.854,3.189,1.481,20.233,15.755,0.659, 
2018/3/6 12:48,20.606, NA,17.503,9.579,8.232, NA,11.842,20.281, NA,17.361,13.549, NA,10.559,12.562,16.76,14.382,14.435,3.913,20.606,8.232,22.112,14.76,0.638, 
2018/3/6 12:49,19.02, NA,16.289,9.797,8.459, NA,11.998,19.379, NA,15.9,13.792,3.992, NA,12.836,15.637,14.548,13.47,4.248,19.379,3.992,21.202,14.85,0.698, 
2018/3/6 12:49, NA,17.132, NA,15.469,13.352,11.812,16.615, NA, NA, NA,14.808,5.822,5.692,13.609, NA,15.699,13.001,3.92,17.132,5.692,21.881,17.558,0.593, 
2018/3/6 12:49, NA, NA, NA, NA, NA, NA, NA, NA, NA, NA,1.349, NA, NA,1.272, NA,1.085,1.235,0.111,1.349,1.085,20.24,16.297,0.663, 
2018/3/6 12:49, NA,4.067, NA,4.408,7.585,12.242,4.22, NA,4.022, NA,4.112,5.507,6.117,4.235, NA,4.018,5.503,2.393,12.242,4.018,22.295,14.508,0.67, 
2018/3/6 12:49,19.296, NA,15.601,9.26,8.409, NA,11.679,19.091, NA,15.537,13.939,3.344, NA,12.932,14.999,14.791,13.24,4.353,19.296,3.344,21.096,15.071,0.565, 
2018/3/6 12:50,20.949,4.253,17.582,4.405,8.795,12.505,4.328,20.558,4.179,17.919,4.285,5.584,6.112,4.426,17.195,4.201,9.83,6.485,20.949,4.179,22.473,14.476,0.638, 
2018/3/6 12:50, NA, NA, NA, NA, NA, NA, NA, NA,5.829,3.847,8.355, NA, NA,9.162, NA,8.012,7.041,1.941,9.162,3.847,22.75,14.719,0.522, 
2018/3/6 12:50, NA,16.754, NA,15.19,13.282,11.557,16.293, NA, NA, NA,14.155,5.195,5.114,12.872, NA,14.945,12.536,3.975,16.754,5.114,22.701,17.039,0.617, 
2018/3/6 12:50,19.022, NA,15.331,9.484,8.396, NA,11.835,18.839, NA,15.632,13.921,3.081, NA,12.977,15.162,14.73,13.201,4.321,19.022,3.081,21.182,15.059,0.715, 
2018/3/6 12:50, NA, NA, NA, NA, NA, NA, NA, NA, NA, NA, NA, NA, NA, NA, NA, NA, ?žæ•¸?? Std.,0,1000,22.462,18.102,0.679,,
2018/3/6 12:50, NA, NA, NA, NA, NA, NA, NA, NA, NA, NA, NA, NA, NA, NA, NA,1.128,1.128,0,1.128,1.128,20.319,16.298,0.656, 
2018/3/6 12:50,2.785,2.553,2.626,2.686,2.717,2.687,2.503,2.676,2.581,2.752,2.587,2.607,2.539,2.552,2.688,2.565,2.632,0.081,2.785,2.503,20.677,15.267,0.426, 
2018/3/6 12:51,19.826, NA,16.622,9.692,8.524, NA,12.058,19.598, NA,16.593,13.688, NA, NA,12.713,16.133,14.514,14.542,3.497,19.826,8.524,21.369,14.8,0.705, 
2018/3/6 12:51, NA,16.758, NA,15.215,13.274,11.523,16.359, NA, NA, NA,14.07,5.247,5.546,12.801, NA,14.897,12.569,3.888,16.758,5.247,22.902,17.028,0.666, 
2018/3/6 12:51,18.336, NA,14.437,9.363,8.992, NA,12.197,18.11, NA,14.499,14.437,1.588, NA,13.51,14.297,15.298,12.922,4.362,18.336,1.588,20.692,15.673,0.558, 
2018/3/6 12:51,2.897,2.867,2.771,2.676,2.737,2.742,2.705,2.849,2.933,2.857,2.883,2.722,2.906,2.904,2.62,2.905,2.811,0.096,2.933,2.62,21.911,16.218,0.455, 
2018/3/6 12:51,19.419, NA,16.579,9.608,8.413, NA,11.807,19.635, NA,16.088,13.839, NA,10.927,12.846,15.785,14.602,14.129,3.435,19.635,8.413,21.231,14.857,0.659, 
2018/3/6 12:52,15.819, NA,20.516,16.257,15.749,17.319, NA,19.328, NA,15.445,16.16,12.075,14.087,15.029,17.217,16.333,16.256,2.046,20.516,12.075,22.307,16.652,0.59, 
2018/3/6 12:52, NA,17.542, NA,15.823,14.197,5.941,16.907,1.101, NA, NA,15.311,4.974,7.545,13.982, NA,16.166,11.772,5.482,17.542,1.101,20.97,17.597,0.71, 
2018/3/6 12:52, NA,16.63, NA,15.024,13.112,11.298,16.184, NA, NA, NA,14.03,5.211,5.115,12.89, NA,14.85,12.434,3.93,16.63,5.115,22.759,16.773,0.744, 
2018/3/6 12:52, NA, NA, NA, NA, NA, NA, NA, NA, NA, NA, NA, NA, NA, NA, NA, NA, ?žæ•¸?? Std.,0,1000,21.159,17.944,0.714,,
2018/3/6 12:52,2.49, NA,2.358, NA, NA, NA, NA,2.312, NA, NA, NA, NA, NA, NA, NA, NA,2.387,0.076,2.49,2.312,20.234,15.692,0.663, 
2018/3/6 12:53,1.179,17.467,0.903,15.712,13.785,12.18,16.871,1.099, NA, NA,15.294,4.284, NA,14.17, NA,16.157,10.758,6.478,17.467,0.903,20.555,17.707,0.664, 
2018/3/6 12:53, NA,16.611, NA,15.056,13.119,11.461,16.189, NA, NA, NA,13.977,5.336,5.13,12.665, NA,14.771,12.432,3.892,16.611,5.13,22.987,16.928,0.555, 
2018/3/6 12:53, NA,17.298,1.07,15.592,13.531,11.954,16.805, NA, NA, NA,15.109,5.961,7.787,13.951, NA,15.884,12.267,4.935,17.298,1.07,21.199,17.618,0.589, 
2018/3/6 12:53, NA, NA, NA, NA, NA, NA, NA, NA, NA, NA, NA, NA, NA,1.268, NA,1.102,1.185,0.083,1.268,1.102,20.248,16.293,0.644, 
2018/3/6 12:53,19.16, NA,16.003,9.559,8.737, NA,11.827,19.121, NA,15.482,13.755,3.383,10.932,12.776,15.161,14.53,13.11,4.171,19.16,3.383,21.114,14.856,0.687, 
2018/3/6 12:54,5.293,14.804, NA,14.733,13.247,11.827,14.967,5.631,13.805,5.331,10.611,5.099,5.06,5.541, NA,12.421,9.884,4.105,14.967,5.06,20.858,14.889,0.692, 
2018/3/6 12:54,2.888,2.946,2.956,2.901,2.953,2.958,2.938,2.91,2.812,2.865,2.737,2.811,2.71,2.727,2.869,2.739,2.858,0.087,2.958,2.71,21.892,16.191,0.451, 
2018/3/6 12:54,2.948,2.989,2.849,2.958,2.931,2.873,2.874,2.871,3.012,2.924,2.933,2.982,3.006,2.944,2.974,2.937,2.938,0.048,3.012,2.849,22.005,16.137,0.442, 
2018/3/6 12:54,5.102,14.51, NA,14.637,13.474,11.622,14.824,5.045,13.564,5.085,9.205,5.356,5.356,5.252, NA,12.111,9.653,4.091,14.824,5.045,23.078,14.803,0.717, 
2018/3/6 12:54,1.007,17.375,1.052,15.367,9.279,12.312,16.909,1.041, NA,1.02,15.269,6.297, NA,13.976,1.008,15.88,9.128,6.658,17.375,1.007,21.302,17.699,0.689, 
2018/3/6 12:55,5.086,13.947, NA,14.312,13.301,11.949,14.577,5.156,12.975,5.121,5.543,4.867,4.892,4.817, NA,11.88,9.173,4.168,14.577,4.817,23.287,14.8,0.581, 
2018/3/6 12:55, NA, NA, NA, NA, NA, NA, NA, NA, NA, NA, NA, NA, NA, NA, NA, NA, ?žæ•¸?? Std.,0,1000,21.18,18.41,0.705,,
2018/3/6 12:55, NA, NA, NA, NA, NA, NA, NA, NA,5.515,4.587,7.715, NA, NA,8.217,5.534,7.136,6.451,1.315,8.217,4.587,21.34,14.89,0.505, 
2018/3/6 12:55,20.214, NA,16.457,9.698,8.353, NA,11.833,19.659, NA,16.896,13.458, NA,10.907,12.384,16.298,14.262,14.202,3.623,20.214,8.353,21.557,14.699,0.663, 
2018/3/6 12:55, NA, NA, NA, NA, NA, NA, NA, NA, NA, NA, NA, NA, NA, NA, NA, NA, ?žæ•¸?? Std.,0,1000,20.272,16.596,0.701,,
2018/3/6 12:56, NA, NA, NA, NA, NA, NA, NA, NA, NA, NA, NA, NA, NA, NA, NA, NA, ?žæ•¸?? Std.,0,1000,20.816,18.5,0.668,,
2018/3/6 12:56, NA, NA, NA, NA, NA, NA,1.819, NA, NA, NA, NA, NA, NA, NA, NA, NA,1.819,0,1.819,1.819,20.23,16.341,0.724, 
2018/3/6 12:56, NA,17.051, NA,15.347,13.513,11.944,16.486, NA, NA, NA,15.326,6.312,5.988,14.046, NA,16.13,13.214,3.81,17.051,5.988,21.376,17.651,0.673, 
2018/3/6 12:56, NA, NA, NA, NA, NA, NA, NA, NA,5.21,4.085,7.863, NA, NA,8.229,5.178,7.256,6.304,1.551,8.229,4.085,22.07,15.169,0.5, 
2018/3/6 12:56,19.069, NA,15.834,9.646,8.811, NA,11.945,19.375, NA,15.894,13.69, NA, NA,12.767,15.567,14.464,14.278,3.234,19.375,8.811,21.328,14.792,0.632, 
2018/3/6 12:57, NA, NA, NA, NA, NA, NA, NA, NA, NA, NA, NA, NA, NA,1.256, NA,1.049,1.153,0.103,1.256,1.049,20.273,16.296,0.716, 
2018/3/6 12:57,20.698, NA,17.369,9.628,8.453, NA,11.512,20.214, NA,17.525,13.316, NA,10.47,12.309,16.884,14.19,14.381,3.934,20.698,8.453,22.098,14.479,0.491, 
2018/3/6 12:57, NA, NA, NA, NA, NA, NA,2.52, NA,6.694, NA, NA, NA, NA, NA, NA,7.44,5.551,2.165,7.44,2.52,21.361,14.872,0.523, 
2018/3/6 12:57,20.945,4.131,17.807,4.449,7.406, NA,4.281,20.659,4.049,17.811,4.141,5.962,5.908,4.277,17.233,4.053,9.541,6.734,20.945,4.049,22.292,14.522,0.574, 
2018/3/6 12:57, NA, NA, NA, NA, NA, NA, NA, NA, NA, NA, NA, NA, NA,1.288, NA,1.061,1.175,0.113,1.288,1.061,20.248,16.294,0.643, 
2018/3/6 12:58,20.828, NA,17.154,8.94,8.183, NA,11.963,20.162, NA,17.397,13.539,2.799,10.598,12.442,16.543,14.357,13.454,4.9,20.828,2.799,22.158,14.778,0.771, 
2018/3/6 12:58, NA, NA, NA, NA, NA, NA, NA, NA, NA, NA,1.205, NA, NA,1.266, NA,1.03,1.167,0.1,1.266,1.03,20.268,16.282,0.69, 
2018/3/6 12:58, NA,3.937, NA,4.301,4.732, NA,4.101, NA,3.889, NA,3.958,4.801,5.904,4.065, NA,3.888,4.357,0.605,5.904,3.888,22.165,14.559,0.619, 
2018/3/6 12:58, NA, NA, NA, NA, NA, NA, NA, NA, NA, NA, NA, NA, NA, NA, NA, NA, ?žæ•¸?? Std.,0,1000,20.229,16.593,0.646,,
2018/3/6 12:58,2.86,2.722,2.913,2.742,2.827,2.903,2.711,2.856,2.741,2.9,2.842,2.882,2.886,2.916,2.905,2.756,2.835,0.073,2.916,2.711,21.903,16.247,0.349, 
2018/3/6 12:59, NA, NA, NA, NA, NA, NA, NA, NA, NA, NA,1.271, NA, NA,1.258, NA,1.066,1.198,0.094,1.271,1.066,20.256,16.287,0.726, 
2018/3/6 12:59, NA,16.522, NA,14.857,12.926,11.213,16.013, NA, NA, NA,14.18,5.516,5.357,13.162, NA,15.112,12.486,3.818,16.522,5.357,22.39,16.743,0.617, 
2018/3/6 12:59, NA, NA, NA, NA, NA, NA, NA, NA, NA, NA, NA, NA, NA, NA, NA, NA, ?žæ•¸?? Std.,0,1000,20.284,16.584,0.722,,
2018/3/6 12:59,2.862,2.725,2.857,2.73,2.814,2.861,2.702,2.832,2.769,2.833,2.818,2.855,2.79,2.859,2.87,2.798,2.811,0.053,2.87,2.702,21.872,16.222,0.508, 
2018/3/6 12:59, NA, NA, NA, NA, NA, NA, NA, NA, NA, NA, NA, NA, NA, NA, NA, NA, ?žæ•¸?? Std.,0,1000,20.24,16.62,0.745,,
2018/3/6 12:59,2.914,2.812,2.95,2.652,2.915,2.944,2.595,2.982,2.859,2.822,2.743,2.715,2.725,2.735,2.714,2.789,2.804,0.111,2.982,2.595,21.874,16.208,0.48, 
2018/3/6 13:00,20.647, NA,15.888,9.698,8.484, NA,12,19.145, NA,14.602,13.641,3.463,10.933,12.676,14.606,14.465,13.096,4.295,20.647,3.463,21.089,14.818,0.57, 
2018/3/6 13:00, NA,4.312, NA, NA, NA, NA,4.708, NA,4.126, NA,3.97,5.599,6.265,4.012, NA,4.013,4.626,0.804,6.265,3.97,22.612,14.9,0.53, 
2018/3/6 13:00, NA, NA, NA, NA, NA, NA,1.616, NA, NA, NA, NA, NA, NA, NA, NA, NA,1.616,0,1.616,1.616,20.275,16.333,0.708, 
2018/3/6 13:00, NA,15.936, NA,14.688,13.039,11.004,15.631, NA,16.048, NA,12.992,5.107,4.958, NA, NA,13.361,12.276,3.918,16.048,4.958,22.519,16.031,0.618, 
2018/3/6 13:00, NA, NA, NA, NA, NA, NA, NA, NA, NA, NA, NA, NA, NA,1.254, NA,1.137,1.195,0.058,1.254,1.137,20.318,16.302,0.672, 
2018/3/6 13:01, NA,4.104, NA,4.423,6.181,12.416,4.232, NA,4.032, NA,4.08,5.415,5.565,4.185, NA,4.027,5.333,2.351,12.416,4.027,22.577,14.49,0.691, 
2018/3/6 13:01, NA, NA, NA, NA, NA, NA, NA, NA, NA, NA, NA, NA, NA, NA, NA, NA, ?žæ•¸?? Std.,0,1000,20.254,16.601,0.642,,
2018/3/6 13:01, NA,16.608, NA,15.15,13.315,11.137,16.173, NA, NA, NA,13.813,5.173,5.048,12.668, NA,14.977,12.406,3.961,16.608,5.048,23.103,16.816,0.632, 
2018/3/6 13:01, NA, NA, NA, NA, NA, NA, NA, NA,5.972,4.073,8.308, NA, NA,8.587,5.191,7.913,6.674,1.699,8.587,4.073,23.359,14.717,0.559, 
2018/3/6 13:01, NA,17.085, NA,15.465,13.576,11.904,16.571, NA, NA, NA,14.508,5.772,5.441,13.332, NA,15.482,12.914,3.936,17.085,5.441,22.394,17.314,0.714, 
2018/3/6 13:02, NA, NA, NA, NA, NA, NA, NA, NA, NA, NA, NA, NA, NA, NA, NA, NA, ?žæ•¸?? Std.,0,1000,-1,-1,-1,,
2018/3/6 13:02, NA,15.858, NA,14.537,11.652,11.69,15.181, NA, NA, NA,13.803,5.166,5.145,12.75, NA,14.795,12.057,3.7,15.858,5.145,23.021,16.647,0.584, 
2018/3/6 13:02,1.273,17.23, NA,15.462,13.504,11.891,16.591,1.294, NA, NA,15.14,5.135, NA,14.021, NA,15.856,11.582,5.771,17.23,1.273,20.875,17.575,0.683, 
2018/3/6 13:02, NA,16.557, NA,14.935,13.079,11.01,16.152, NA, NA, NA,14.023,5.096,4.968,12.865, NA,15.005,12.369,3.98,16.557,4.968,22.742,16.792,0.709, 
2018/3/6 13:02,19.224, NA,15.289,9.362,8.372, NA,11.819,19.041, NA,15.241,13.914, NA, NA,12.929,14.75,14.798,14.067,3.249,19.224,8.372,20.928,15.082,0.7, 
2018/3/6 13:02,20.999, NA,17.777,9.454,8.252, NA,11.429,20.371, NA,18.21,13.163, NA,10.286,12.056,17.453,14.035,14.457,4.179,20.999,8.252,22.522,14.432,0.671, 
2018/3/6 13:03,6.854,12.914,17.881,12.205,3.423,12.019,10.328,13.859, NA,12.064,16.497,12.836,14.382,16.509,15.709,16.612,12.94,3.746,17.881,3.423,20.661,16.697,0.617, 
2018/3/6 13:03, NA,16.57, NA,14.961,13.033,11.333,16.099, NA, NA, NA,13.872,5.057,4.75,12.617, NA,14.853,12.315,3.997,16.57,4.75,22.944,16.751,0.403, 
2018/3/6 13:03,2.992,2.99,3.062,2.969,2.987,3.124,2.99,3.023,2.987,2.885,2.934,2.85,2.925,2.944,2.843,2.955,2.966,0.07,3.124,2.843,22.069,16.16,0.508, 
2018/3/6 13:03, NA,16.47, NA,14.986,13.074,11.37,16.054, NA, NA, NA,13.585,5.504,5.138,12.43, NA,14.729,12.334,3.811,16.47,5.138,23.374,16.75,0.725, 
2018/3/6 13:03,2.516, NA, NA,5.907,6.777, NA,5.297, NA, NA, NA,2.119,1.712,2.153,2.229, NA, NA,3.589,1.911,6.777,1.712,21.314,16.026,0.448, 
2018/3/6 13:04,2.889,2.738,2.975,2.767,2.829,2.869,2.718,2.955,2.822,2.793,2.856,2.862,2.813,2.848,2.891,2.839,2.841,0.067,2.975,2.718,21.908,16.213,0.492, 
2018/3/6 13:04,19.46, NA,16.069,9.428,8.291, NA,11.761,19.405, NA,16.306,13.597,2.89, NA,12.647,16.02,14.442,13.36,4.582,19.46,2.89,21.269,14.797,0.623, 
2018/3/6 13:04,2.86,2.774,2.802,2.787,2.775,2.764,2.743,2.876,2.923,2.842,2.733,2.693,2.684,2.576,2.745,2.98,2.785,0.095,2.98,2.576,21.924,16.229,0.495, 
2018/3/6 13:04, NA,17.323, NA,15.561,13.667,11.999,16.703, NA, NA, NA,15.259,4.413, NA,14.19, NA,16.007,13.902,3.687,17.323,4.413,20.647,17.637,0.633, 
2018/3/6 13:04, NA,4.169, NA,4.45,6.58,10.765,4.304, NA,4.063, NA,4.187,6.691,5.824,4.314, NA,4.066,5.401,1.951,10.765,4.063,22.737,14.446,0.654, 
2018/3/6 13:05,18.678, NA,15.52,9.711,8.723, NA,11.866,18.941, NA,15.381,13.977,3.64, NA,13.129,15.255,14.791,13.301,4.141,18.941,3.64,20.832,15.084,0.599, 
2018/3/6 13:05, NA,16.578, NA,15.155,13.325,11.675,16.15, NA, NA, NA,14.417,5.169,4.98,12.956, NA,15.349,12.575,4.007,16.578,4.98,22.713,17.232,0.669, 
2018/3/6 13:05,2.837,3.029,3.096,3.032,3.031,3.061,2.983,2.951,2.998,2.826,2.993,2.947,2.955,2.919,2.872,3.032,2.973,0.076,3.096,2.826,22.025,16.095,0.518, 
2018/3/6 13:05, NA,15.977, NA,14.503,11.431,11.403,15.246, NA, NA, NA,13.455,5.074,4.945,12.405, NA,14.437,11.888,3.73,15.977,4.945,22.744,16.042,0.666, 
2018/3/6 13:05,19.347, NA,16.522,9.561,8.503, NA,11.778,19.654, NA,16.284,13.597,3.034,10.8,12.625,16.017,14.433,13.243,4.441,19.654,3.034,21.257,14.791,0.678, 
2018/3/6 13:06, NA,16, NA,14.467,11.78,10.383,15.22, NA, NA, NA,13.683,4.33,5.047, NA, NA,14.61,11.724,4.099,16,4.33,22.42,16.106,0.674, 
2018/3/6 13:06,19.642, NA,15.52,9.491,8.282, NA,11.746,19.203, NA,16.189,13.654,3.298, NA,12.714,15.686,14.531,13.33,4.455,19.642,3.298,21.315,14.795,0.637, 
2018/3/6 13:06, NA,16.835, NA,15.227,13.31,11.602,16.379, NA, NA, NA,14.275,5.918,5.847,13.069, NA,15.322,12.778,3.755,16.835,5.847,23.325,17.307,0.692, 
2018/3/6 13:06,20.553, NA,16.742,9.431,8.301, NA,11.815,20.224, NA,17.353,13.619, NA,11.324,12.532,16.862,14.438,14.433,3.81,20.553,8.301,21.982,14.833,0.661, 
2018/3/6 13:06, NA, NA, NA, NA, NA, NA, NA, NA, NA, NA, NA, NA, NA, NA, NA, NA, ?žæ•¸?? Std.,0,1000,20.262,16.584,0.712,,
2018/3/6 13:06, NA,17.228, NA,15.562,13.674,11.379,16.688, NA, NA, NA,15.105,5.425, NA,14.011, NA,15.998,13.897,3.427,17.228,5.425,20.897,16.639,0.697, 
2018/3/6 13:07,2.88,2.709,2.955,2.784,2.793,2.86,2.736,2.951,2.735,2.818,2.806,2.907,2.886,2.865,2.92,2.807,2.838,0.074,2.955,2.709,21.927,16.238,0.506, 
2018/3/6 13:07,18.897, NA,15.835,9.976,8.684, NA,12.019,19.132, NA,15.759,13.775,3.417,10.887,12.747,15.508,14.567,13.169,4.133,19.132,3.417,20.935,14.834,0.619, 
2018/3/6 13:07, NA, NA, NA, NA, NA, NA,1.715, NA, NA, NA, NA, NA, NA, NA, NA, NA,1.715,0,1.715,1.715,20.312,16.599,0.695, 
2018/3/6 13:07,19.39, NA,16.226,9.616,8.605, NA,11.642,19.476, NA,15.735,13.987,4.124, NA,13.052,15.428,14.788,13.506,4.272,19.476,4.124,21.355,15.055,0.723, 
2018/3/6 13:07,16.788,14.801,21.009,17.149, NA,18.555,8.516,20.277,14.884,16.648,16.726,11.62,13.489,16.014,18.167,16.83,16.098,3.079,21.009,8.516,23.054,16.666,0.706, 
2018/3/6 13:08, NA, NA, NA, NA, NA, NA, NA, NA, NA, NA,0.85, NA,0.822, NA, NA,0.849,0.841,0.013,0.85,0.822,20.541,17.632,0.721, 
2018/3/6 13:08, NA, NA, NA, NA, NA, NA, NA, NA, NA,4.146,8.158, NA,7.945,8.306,5.297,7.64,6.915,1.6,8.306,4.146,23.344,14.985,0.503, 
2018/3/6 13:08, NA,4.003, NA,4.308,7.493,12.204,4.158, NA,3.93, NA,4.04,5.103,6.013,4.161, NA,3.939,5.396,2.403,12.204,3.93,22.225,14.501,0.549, 
2018/3/6 13:08,2.876,2.969,2.873,2.913,2.98,2.937,2.952,2.835,2.974,2.932,2.974,2.998,2.919,3.044,2.985,2.91,2.942,0.052,3.044,2.835,21.996,16.124,0.423, 
2018/3/6 13:09,20.593,4.151,17.366,4.467,6.117, NA,4.287,20.273,4.068,17.417,4.138,5.229,5.704,4.253,16.649,4.07,9.252,6.605,20.593,4.068,21.943,14.531,0.676, 
2018/3/6 13:09, NA, NA, NA, NA, NA, NA, NA, NA,3.451, NA, NA, NA, NA, NA, NA,1.863,2.657,0.794,3.451,1.863,20.267,14.796,0.699, 
2018/3/6 13:09,20.578, NA,17.008,9.308,7.981, NA,11.959,20.096, NA,17.361,13.602, NA,11.5,12.594,16.833,14.39,14.434,3.846,20.578,7.981,22.01,14.816,0.613, 
2018/3/6 13:09, NA,17.332, NA,15.492,13.523,11.887,16.723, NA, NA,0.913,15.255,5.793, NA,14.197,0.921,16.114,11.65,5.881,17.332,0.913,19.984,17.644,0.671, 
2018/3/6 13:09, NA,16.627, NA,15.038,13.135,11.318,16.188, NA, NA, NA,14.21,5.251,5.134,12.961, NA,15.151,12.501,3.948,16.627,5.134,22.345,16.787,0.442, 
2018/3/6 13:09, NA, NA, NA, NA, NA, NA, NA, NA, NA, NA,1.212, NA, NA,1.278, NA,1.092,1.194,0.077,1.278,1.092,20.281,16.302,0.685, 
2018/3/6 13:09,20.501,4.063,17.485,4.379,7.603, NA,4.209,20.317,3.995,17.513,4.096,5.619,5.639,4.215,16.995,3.993,9.375,6.618,20.501,3.993,21.977,14.544,0.664, 
2018/3/6 13:10, NA,0.713, NA,0.599,0.501, NA,0.661, NA, NA, NA,0.799,0.684,0.66,0.596, NA,0.856,0.674,0.101,0.856,0.501,19.877,18.084,0.668, 
2018/3/6 13:10, NA, NA, NA, NA, NA, NA, NA, NA, NA, NA, NA, NA, NA, NA, NA,1.194,1.194,0,1.194,1.194,20.282,16.317,0.644, 
2018/3/6 13:10, NA, NA, NA, NA, NA, NA, NA, NA, NA, NA,1.221, NA, NA, NA, NA,1.446,1.333,0.113,1.446,1.221,20.299,15.708,0.742, 
2018/3/6 13:10, NA,4.018, NA,4.31,6.647,9.914,4.157, NA,3.929, NA,4,6.292,5.681,4.103, NA,3.941,5.181,1.78,9.914,3.929,22.275,14.49,0.656, 
2018/3/6 13:11, NA,16.963, NA,15.211,13.331,11.652,16.437, NA, NA, NA,14.8,5.487, NA,13.602, NA,15.716,13.689,3.291,16.963,5.487,21.17,17.291,0.648, 
2018/3/6 13:11, NA, NA, NA, NA, NA, NA, NA, NA, NA, NA, NA, NA, NA,1.236, NA,1.13,1.183,0.053,1.236,1.13,20.272,16.307,0.759, 
2018/3/6 13:11, NA,0.97, NA, NA, NA, NA, NA, NA, NA, NA,1.528, NA, NA, NA, NA,1.289,1.262,0.229,1.528,0.97,20.263,16.724,0.712, 
2018/3/6 13:11,20.822, NA,17.954,9.813,8.297, NA,11.489,20.711, NA,18.033,13.211, NA, NA,12.248,17.503,14.141,14.929,4.116,20.822,8.297,22.391,14.401,0.609, 
2018/3/6 13:11,5.693,15.405, NA,15.124,13.505,12.074,15.65,5.752,14.703,5.994,10.686,3.413,4.29,6.018,6.516,13.209,9.869,4.421,15.65,3.413,22.129,15.697,0.696, 
2018/3/6 13:12, NA, NA, NA, NA, NA, NA, NA, NA, NA, NA,1.195, NA, NA,1.158, NA,1.139,1.164,0.023,1.195,1.139,20.244,16.323,0.648, 
2018/3/6 13:12,2.963,2.745,2.941,2.907,2.985,2.896,2.737,2.95,2.75,2.945,2.709,2.847,2.847,2.767,2.872,2.727,2.849,0.093,2.985,2.709,21.925,16.234,0.304, 
2018/3/6 13:12,19.231, NA,16.413,9.544,8.522, NA,11.864,19.616, NA,15.976,13.662,3.119, NA,12.74,15.664,14.582,13.411,4.492,19.616,3.119,21.156,14.758,0.685, 
2018/3/6 13:12,20.598,4.051,17.577,4.397,4.617,4.744,4.229,20.534,3.979,17.298,4.076,4.987,6.204,4.174,16.574,3.989,8.877,6.589,20.598,3.979,22.086,14.528,0.648, 
2018/3/6 13:12, NA, NA, NA, NA, NA, NA, NA, NA, NA, NA, NA, NA, NA, NA, NA, NA, ?žæ•¸?? Std.,0,1000,20.48,14.863,0.496,,
2018/3/6 13:12,2.902,2.916,2.965,2.914,2.962,2.96,2.922,2.939,2.939,2.905,2.756,2.757,2.704,2.702,2.862,2.753,2.866,0.093,2.965,2.702,21.915,16.188,0.392, 
2018/3/6 13:13,2.931,3.013,2.927,2.956,3.019,2.983,2.99,2.909,2.989,3.039,2.937,3.11,3.192,3.065,3.04,3.027,3.008,0.071,3.192,2.909,22.154,16.163,0.553, 
2018/3/6 13:13, NA, NA, NA, NA, NA, NA, NA, NA, NA, NA, NA, NA, NA, NA, NA, NA, ?žæ•¸?? Std.,0,1000,21.432,18.329,0.703,,
2018/3/6 13:13, NA,17.04, NA,15.344,13.409,11.613,16.482, NA, NA,1.154,11.691,3.36,0.788,2.206,1.114,15.672,9.156,6.505,17.04,0.788,20.701,17.571,0.65, 
2018/3/6 13:13,2.926,2.891,2.952,2.872,2.99,2.966,2.836,2.931,2.79,2.921,2.788,2.87,2.767,2.733,2.865,2.805,2.869,0.074,2.99,2.733,21.921,16.205,0.456, 
2018/3/6 13:13,19.988, NA,16.869,9.943,8.513, NA,11.591,19.601, NA,16.916,13.257,2.978,10.815,12.271,16.146,14.022,13.301,4.555,19.988,2.978,21.845,14.521,0.65, 
2018/3/6 13:14, NA,16.545, NA,14.891,12.975,11.245,16.1, NA, NA, NA,14.097,5.248,5.166,12.826, NA,14.985,12.408,3.898,16.545,5.166,22.745,16.795,0.72, 
2018/3/6 13:14, NA,16.989, NA,15.315,13.377,11.443,16.498, NA, NA, NA,14.89,5.58, NA,13.8, NA,15.666,13.729,3.294,16.989,5.58,20.774,16.657,0.569, 
2018/3/6 13:14,15.587,11.269,20.318,16.12,15.252,17.823,7.277,17.822,15.56,16.301,16.318,12.578,15.142,16.023,18.071,15.898,15.46,2.926,20.318,7.277,22.435,16.622,0.614, 
2018/3/6 13:14,19.717, NA,16.711,9.59,8.338, NA,11.872,19.648, NA,16.498,13.531,3.019, NA,12.537,16.007,14.404,13.489,4.639,19.717,3.019,21.559,14.725,0.668, 
2018/3/6 13:14, NA, NA, NA, NA, NA, NA, NA, NA, NA, NA, NA, NA, NA, NA, NA, NA, ?žæ•¸?? Std.,0,1000,-1,-1,-1,,
2018/3/6 13:15, NA,16.774, NA,15.035,13.234,11.402,16.323, NA, NA, NA,14.658,5.811,7.388,13.433, NA,15.495,12.955,3.526,16.774,5.811,21.64,17.277,0.567, 
2018/3/6 13:15, NA,4.032, NA,4.397,5.84, NA,4.209, NA,3.976, NA,4.088,4.938,6.027,4.218, NA,3.986,4.571,0.733,6.027,3.976,22.212,14.488,0.637, 
2018/3/6 13:15, NA,16.755, NA,15.089,13.117,11.384,16.247, NA, NA, NA,14.521,5.698,6.692,13.299, NA,15.28,12.808,3.633,16.755,5.698,21.563,17.018,0.68, 
2018/3/6 13:15, NA, NA, NA, NA, NA, NA, NA, NA, NA, NA, NA, NA, NA, NA, NA, NA, ?žæ•¸?? Std.,0,1000,21.053,15.02,0.5,,
2018/3/6 13:15,19.306, NA,16.32,9.273,8.155, NA,11.706,19.64, NA,16.081,13.684,3.79,11.694,12.71,15.726,14.607,13.284,4.292,19.64,3.79,21.42,14.828,0.542, 
2018/3/6 13:16,2.874,2.757,2.873,2.831,2.898,2.958,2.768,2.734,2.747,2.946,2.78,2.921,2.901,2.892,2.919,2.739,2.846,0.077,2.958,2.734,21.903,16.229,0.415, 
2018/3/6 13:16,19.098, NA,14.365,9.544,8.77, NA,11.996,18.673, NA,15.736,13.988, NA, NA,13.02,15.401,14.891,14.135,3.1,19.098,8.77,21.184,15.106,0.693, 
2018/3/6 13:16, NA, NA, NA, NA, NA, NA, NA, NA, NA, NA, NA, NA, NA, NA, NA, NA, ?žæ•¸?? Std.,0,1000,21.243,14.889,0.453,,
2018/3/6 13:16,19.489, NA,16.533,9.486,8.296, NA,11.927,19.486, NA,16.2,13.769, NA,11.088,12.738,15.746,14.631,14.116,3.441,19.489,8.296,21.316,14.824,0.682, 
2018/3/6 13:16,6.104,15.147, NA,15.607,14.332,12.943,15.313,6.175,13.681,6.049,5.725,5.861,5.87,5.856,6.027,12.347,9.803,4.187,15.607,5.725,22.546,15.663,0.712, 
2018/3/6 13:16,19.497, NA,16.198,9.059,8.075, NA,11.624,19.414, NA,15.927,13.82,3.337, NA,12.824,15.504,14.671,13.329,4.525,19.497,3.337,21.234,14.841,0.626, 
2018/3/6 13:17,5.193,14.412, NA,14.252,13.037,11.661,14.67,5.136,13.533,5.486,9.167,5.288,5.296,5.199, NA,11.972,9.593,3.97,14.67,5.136,23.164,14.827,0.503, 
2018/3/6 13:17,19.889, NA,16.843,9.371,8.022, NA,11.58,19.846, NA,16.31,13.474,2.951,10.871,12.529,15.784,14.312,13.214,4.598,19.889,2.951,21.494,14.714,0.728, 
2018/3/6 13:17, NA, NA, NA, NA, NA, NA,1.298, NA, NA, NA, NA, NA, NA, NA, NA, NA,1.298,0,1.298,1.298,20.286,16.581,0.643, 
2018/3/6 13:17, NA,16.997, NA,15.347,13.354,11.636,16.433, NA, NA, NA,14.859,4.453, NA,13.69, NA,15.748,13.613,3.596,16.997,4.453,20.692,17.313,0.639, 
2018/3/6 13:18, NA, NA, NA, NA, NA, NA, NA, NA,5.323,4.119,7.965, NA, NA,8.285,4.959,7.365,6.336,1.599,8.285,4.119,22.295,15.175,0.51, 
2018/3/6 13:18,19.863, NA,16.317,9.202,8.08, NA,11.812,19.554, NA,16.679,13.629,2.994,10.777,12.618,16.178,14.401,13.239,4.571,19.863,2.994,21.365,14.784,0.702, 
2018/3/6 13:18, NA, NA, NA, NA, NA, NA,1.929, NA,5.355,4.76,7.787, NA, NA,8.253,5.516,7.35,5.85,2.025,8.253,1.929,20.935,15.054,0.496, 
2018/3/6 13:18, NA, NA, NA, NA, NA, NA, NA, NA, NA, NA, NA, NA, NA, NA, NA, NA, ?žæ•¸?? Std.,0,1000,21.551,15.032,0.621,,
2018/3/6 13:18, NA, NA, NA, NA, NA, NA, NA, NA, NA, NA, NA, NA, NA, NA, NA, NA, ?žæ•¸?? Std.,0,1000,20.274,16.589,0.698,,
2018/3/6 13:18, NA,4.033, NA,4.361,5.436, NA,4.193, NA,3.924, NA,4.001,6.096,5.126,4.111, NA,3.921,4.52,0.722,6.096,3.921,22.107,14.407,0.594, 
2018/3/6 13:19, NA, NA, NA, NA, NA, NA, NA, NA, NA, NA, NA, NA, NA,1.285, NA,1.049,1.167,0.118,1.285,1.049,20.243,16.293,0.646, 
2018/3/6 13:19, NA,4.041, NA,4.407,5.962,9.75,4.203, NA,3.965, NA,4.052,5.884,5.304,4.178, NA,3.975,5.066,1.649,9.75,3.965,22.298,14.382,0.716, 
2018/3/6 13:19, NA, NA, NA, NA, NA, NA, NA, NA, NA, NA, NA, NA, NA, NA, NA, NA, ?žæ•¸?? Std.,0,1000,20.257,16.586,0.756,,
2018/3/6 13:19,2.784,2.723,2.916,2.747,2.835,2.91,2.706,2.916,2.772,2.742,2.803,2.999,2.898,2.858,2.844,2.736,2.824,0.083,2.999,2.706,21.874,16.243,0.337, 
2018/3/6 13:19, NA, NA, NA, NA, NA, NA, NA, NA, NA, NA, NA, NA, NA,1.309, NA,1.147,1.228,0.081,1.309,1.147,20.345,16.278,0.701, 
2018/3/6 13:20, NA,3.894, NA,4.189,6.159, NA,4.042, NA,3.816, NA,3.912,5.772,5.099,4.004, NA,3.828,4.472,0.831,6.159,3.816,21.892,14.415,0.653, 
2018/3/6 13:20, NA, NA, NA, NA, NA, NA, NA, NA, NA, NA, NA, NA, NA, NA, NA,1.138,1.138,0,1.138,1.138,20.303,16.301,0.747, 
2018/3/6 13:20, NA, NA, NA, NA, NA, NA, NA, NA, NA,2.492, NA,2.496,2.412,2.428,2.511, NA,2.468,0.04,2.511,2.412,19.756,17.008,0.464, 
